"post_id","cmt_content","cmt_author","cmt_created_at","cmt_updated_at"
"네도리","분명.. MBC엔 $TSLA 숏 포지션을 가진사람이 있을것 같습니다…","18004493","2023-04-04 15:14:24",""
"danangsun","방송국만 그런게 아니라 커뮤니티도 똑같습니다","18004493","2023-04-04 15:22:29",""
"몸튼튼맘튼튼","MBC 도 광고 효과 좋다 어필?","18004493","2023-04-04 15:24:19",""
"힁둥이","궁금한게 테슬라에 대해선 대놓고 까고 현기차는 숨겨준다는건가요? 이걸로 테슬라 이미지는 점점 안좋아지고 현기는 문제 없는것 처럼 인식 할 수 있다는게 우려스러운거구요..?
관심없는사람 입장에서 테슬라나 현기전기차나 똑같은 전기차 발화로 인식되고 부정적 일텐데 굳이 명확하게 구분해야 한다면 화재사건이 테슬라 비해 현기가 많아야 한다는건데...모르겠네요.","18004493","2023-04-04 15:32:43",""
"리누","@힁둥이님

제가 알기로 국내 공급된 미국산 테슬라는 파나소닉으로 알고 있습니다.

LG엔솔은 코나, 볼트EV 등 리콜이 있었던 차종이구요.

화재건수, 판매량, 언론 노출 빈도를 볼때 테슬라가 화재 뉴스에 대표성 있게 나와야 할 이유가 딱히 없습니다.

국내 전기차 판매량 순위로 따져도 그렇구요



(표는 22년까지 데이터고 23년도 테슬라 화재로는 성수동서비스센터 모델X 화재, 충남 모델Y 사고후 발화가 있었습니다)","18004493","2023-04-04 15:40:05","2023-04-04 17:01:21"
"페르셰포네","@힁둥이님 아이오닉5 처럼 하부에 충격 가자마자 화려한 불꽃놀이 한 적이 있으려나요","18004493","2023-04-04 15:51:14",""
"힁둥이","@고재혁님 같이 묶어서 뭉뜬그려 생각하지 테슬라는 폭발전기차이고 현기는 괜찮은 전기차로 관심없게 생각할까요?","18004493","2023-04-04 16:00:27","2023-04-04 16:00:42"
"graycode","@힁둥이님
음.. 이것으로 어떤 대상은 대놓고 까고 어떤 대상은 숨겨준다고 단정할 수는 없죠..
MBC가 아이오닉5 화재 사실만 알고 EV6 화재 사실은 몰랐을 수도 있고.. 어쩌면 아이오닉5 화재는 중요도가 떨어진다고 보고 방송을 안했을 수도 있습니다.
또는..
방송을 했지만 제가 못찾았을 수도 있습니다.

그냥 특정 유튜브 채널의 다른 대상, 비슷한 유형의 사건에 대한 컨텐츠 차이가 있는 것은 사실입니다.

그리고 그것에 대해 어떻게 받아들이든 각자의 몫입니다.

https://www.clien.net/service/board/cm_car/17881946
CLIEN","18004493","2023-04-04 16:06:48",""
"힁둥이","@고재혁님 ㅎㅎ 해당건물은 어처구니없긴 하네요.","18004493","2023-04-04 16:08:10",""
"쿠리앙","@힁둥이님
테슬라 불났다는 뉴스를 보고 전기차 전체를 뭉뚱그려서 생각할 사람이 도대체 몇명이나 될까요??

예전에 bmw 화재 날 때 디젤차 전체로 뭉뚱그려서 생각하던가요?
코나 전기차 화재날 때 전기차 전체를 뭉뚱그렸던가요?
엠비씨 뉴스 이후에 지인들이 테슬라 팔고 다른 차 사라고.. 꼭 전기차 사고 싶으면 현대차 사라고 하는 얘기도 들었는데요.. 그 사람들이 뉴스 이해력이 떨어지는 사람인가요?

그렇게 뭉뚱그려서 전기차 전체의 위험을 지적하고 싶었으면 최근 불이 자주 나고 있는 '아이오닉5' 뉴스도 열심히 내보내고, 브랜드명도 테슬라처럼 정확하게 '아이오닉'이라고 얘기해도 될텐데 뉴스 조차 안내고 있다니 하는 말이죠..","18004493","2023-04-05 09:29:59",""
"힁둥이","@쿠리앙님 테슬라,기타전기차 폭발사고 보면서 ""전기차""에 경각심이 생긴다고 생각합니다.
물론 사람마다 테슬라만 위험해 아이오닉만 위험해 할수도 있죠. 그건 개인마다 다른거니 뭐가 정답이다 할수 없을거 같네요.
그리고 아이오닉 제목으로 기사 나오고 있습니다.
https://search.naver.com/search.naver?where=news&sm=tab_jum&query=%EC%95%84%EC%9D%B4%EC%98%A4%EB%8B%89+%ED%99%94%EC%9E%AC","18004493","2023-04-05 10:14:02",""
"쿠리앙","@힁둥이님
당연히 일부 나오겠죠. 하지만 비율로 따지면 너무나 큰 차이가 있어서 하는 말입니다
그리고 코나 전기차 불난 것에 대해서는 현대 전기차 또는 전기차 전체에 대한 경각심 보다는 정확하게 코나의 불량 배터리에 촛점이 맞춰져야 한다고 생각합니다
테슬라나 아이오닉의 충돌 후 화재 사건들도 차종, 발화 이유를 정확하게 보도를 했으면 좋겠고, 지금처럼 전기차 전체에 대한 경각심을 너무 과하게 주는 바람에 지하주차장 충전기 금지를 넘어서 아예 출입금지 고려한다는 곳도 있고 옆자리에 차를 대면 기분나쁘게 생각하는 사람까지 있습니다.
이게 정상적인 걸까요?","18004493","2023-04-06 11:18:40",""
"힁둥이","@쿠리앙님 정상적이라면 말씀하신대로 사고원인을 제대로 판단을 하고 분석을 기자가 하고 또 그런 기사가 나와야죠.
그런데 우리나라 기사중에 그런기사가 얼마나 될지 모르겠네요.쉽게 클릭수 유도하게 벤츠타면 벤츠녀 테슬라면 테슬라 또 폭발..
저는 근본적으로 바뀔수 없는거라 생각하고 감안하면서 보고 있네요.","18004493","2023-04-06 12:06:01",""
"Stevie_G","불만이 있으시면 MBC 뉴스 게시판에 글을 남기시는게 빠를거 같아요.
여기서 해봐야 개개인별로 체감하는 정도가 달라서;;
전 코나 때문에 불나는 전기차=현기차 이미지가 더 강하거든요.","18004493","2023-04-04 16:13:21",""
"graycode","@Stevie_G님
그냥 이곳에 올리고 싶습니다. 저런 보도의 차이가 있다는 것을 한사람이라도 인지한다면 그것으로 족합니다.
(MBC에서도 클리앙 보는 사람이 있을 겁니다.)","18004493","2023-04-04 16:17:35",""
"이성당","@Stevie_G님 그럼 제가 그 글을 못보잖아요 ㅎㅎ
일기장에 쓰라는 투와 비슷해 보입니다","18004493","2023-04-04 16:21:07",""
"찡찡2","@Stevie_G님 올리고 싶은글 올리는 곳이죠.
간접적인 여론도 만들어 질수도 있고요.","18004493","2023-04-04 18:42:22",""
"이해하면","눈치 볼 필요 없는 사진 쓰는거죠.. ^^","18004493","2023-04-04 16:31:35",""
"프롬프트","테슬라가 언론의 공격을 받는건 미국에서도 마찬가지 입니다. 현대야뭐.. 갓광고주님인데요","18004493","2023-04-04 16:41:16",""
"리릿","이건 현대/기아차를 제외한 나머지 대부분의 차에 해당되는 이야기입니다.
MBC뿐 아니라 국내 언론 자체가 그렇죠.

음주 운전자가 S클래스 타고 사람 다치게 하면,
""'만취 운전' 벤츠 사람으로 돌진!""..이렇게 기사가 나오구요,
음주 운전자가 그랜저 타고 사람 다치게 하면,
""만취 운전자! 사람으로 돌진!"".. 이렇게 기사가 나오죠.","18004493","2023-04-04 19:03:09","2023-04-04 19:03:20"
"graycode","@리릿님
예. 만취 벤츠녀.. 저도 어이가 없어서 글을 올린 적이 있습니디.
https://www.clien.net/service/board/cm_car/15766917
CLIEN


다만.. 테슬라에 대한 MBC는 좀 남다르긴 합니다.
https://www.clien.net/service/board/cm_car/17881946
CLIEN","18004493","2023-04-04 20:22:04",""
"앗쵸","국내 언론이 가장 악의적인 부분 중 하나가 아이오닉5 화재 사고에도 테슬라 사진을 넣는다던가 정작 기사 내용은 테슬라 위험성을 강조하는 부분이죠.
지금도 네이버에서 기사 검색하면 나옵니다.","18004493","2023-04-04 21:56:57",""
"머할래","원래 그런거죠 뭐….현기차의 나란데요 ㅎㅎ","18004493","2023-04-05 10:17:19",""
"엄청난놈","정작 화재 대부분의 지분은 현기차","18004493","2023-04-05 15:44:07",""
"이프로","갈때라고 하셔서 저세상 갈때 말씀하시는 줄 알고 깜짝 놀랐습니다.

저는 앞으로 내연기관 안타려구요
집밥, 회사밥 없는 환경에서 잘 타고 있고 살짝 귀찮은 감은 있지만 단거리나 장거리 여행가도 충전 걱정 별로 안하는 편 입니다.","18002414","2023-04-03 15:01:50","2023-04-03 15:08:43"
"Dr Coffee","저는 자율주행에 크게 의미를 안두고 2열 승차감 등이 중요해서 이나라에서 현기 전기차 팔기를 기다리고 있는데 몇년째 들어온다고 하고 들어오지를 않네요","18002414","2023-04-03 15:01:54","2023-04-03 15:03:55"
"IruJan","일단 전기차 차주는 아닙니다만, 불 나는 확률만 보면 어차피 또이또이 한 것 같습니다. 즉, 유의미한 위험은 없다고 생각이 되어요.(내연차나 전기차나 사고날 확률은 운에 달려있다고 봅니다)
다만, 집밥이나 회사밥 둘 중 하나는 필수인 것 같습니다ㅠ
저는 테슬라 모델3 시승해보고 현재 운용하는 아방엔이랑 비교시, 아직은 내연차가 더 좋습니다. 나중에 아이오닉6N 어찌 나오는지 보고 한번 고민해보려구요","18002414","2023-04-03 15:02:05","2023-04-03 15:04:36"
"레인민트","근데 뭐 화재비율로 생각하면 오히려 내연기관이 더 높으니까요..
집밥 가능한 환경이고, 차 가격도 커버 가능한 상황이라면 피할 이유가 없지 않을까 싶습니다.","18002414","2023-04-03 15:02:48","2023-04-03 15:03:23"
"BMW80","코나ev로 전기차의 신세계(?)를 맛보고 팰리세이드로 갔다가 다시 GV60 으로 왔는데...특별한 일 아니면 담번에도 전기차 사긴 할 것 같습니다 EV9 같은거요","18002414","2023-04-03 15:02:55",""
"PeterCat","전기차 오너 입장에선 시기상조(!)입니다.","18002414","2023-04-03 15:03:28",""
"빠박이","ev6 타고있습니다. 1년 3만정도 운행하는터라 너무 만족합니다","18002414","2023-04-03 15:04:03",""
"itzy","전 단순하게 아직은 여전히 비싼가격+ 명절같은 장거리&교통 대란때 충전소요시간..때문에 고려안하고 있습니다.","18002414","2023-04-03 15:04:06",""
"떠나간개복치","저는 팰리, 마누님은 아오5 인데...
요즘은 그냥 마누님차에 같이 출퇴근 합니다.
팰리를 쓸 일이 없네요.","18002414","2023-04-03 15:04:18","2023-04-03 15:04:37"
"할말을잃었습니다","집밥 회사밥 둘중 하나라도 문제 없으면 출퇴근용으로는 너무 좋죠.

다만 장거리 여행용으로는 물음표겠죠","18002414","2023-04-03 15:04:53",""
"Patrol","가격빼고 모든게 만족이죠...","18002414","2023-04-03 15:06:02",""
"MilksWaffle","제 주변은 비싼거 빼고는 만족이라는 분들만 있었어요","18002414","2023-04-03 15:06:13",""
"어머","전기차 사는 분들이 대부분 충전 환경이 어느정도 되는 분들이 하기마련이죠

결국 충전 환경이 되면 너무 좋지만 아니면 휘발유차보다 불편합니다

전국민모두에게 휘불유차 전기차 하나씩 주고 만족도 조사하면 휘발유차가 높을 겁니다. 충전 환경이 아직 안되는 분들이 많아요","18002414","2023-04-03 15:07:01","2023-04-03 15:08:31"
"choidh1984","인생 첫 차로 뽑아서 사실 비교 대상이 없지만 지금 사라고 해도 전기차로 살 것 같긴 합니다.","18002414","2023-04-03 15:09:01",""
"기립근","다른건 다 제치고 언제든지 먹일 수 있는 집밥이 있어야 하므로 점점 더 단독주택 거주자에게나 적합하지 않을까 하네요. 아파트도 이젠 아닌듯.","18002414","2023-04-03 15:13:26",""
"Genuine","테슬라 모델3 롱레인지 1년운행하고 사실 다음차도 테슬라로 결정했습니다.
내연기관 20년 몰아봤는데 이후 다시 가고 싶진 않아요.
아파트들 전기차 충전기를 의무적으로 늘리고 있어서 솔직히 충전때문에 스트레스 받아본 적 없습니다.
저도 처음에 충전이 문제가 되지 않을까 했는데 한번 충전하면 매일 출퇴근하는 저도 일주일은 충전할 일이 없고
매번 일정충전포트는 비어있었습니다.
Genuinelcy","18002414","2023-04-03 15:14:43","2023-04-03 15:20:01"
"율자만세","회사밥있고, 4만쯤 타본 결과 뭔지는 모르겠지만 운전이 세상 편합니다.
딱히 뭔지는 모르겠지만 피로도가 확실히 적습니다.","18002414","2023-04-03 15:20:04",""
"우리요다이티","@율자만세님 스트레스가 매우 적죠","18002414","2023-04-03 15:20:32",""
"우리요다이티","충전환경만 좋으면 진짜 차로 보면 나무랄데가 없습니다. 주행스트레스가 전혀 없는게 장점입니다","18002414","2023-04-03 15:20:08",""
"라쳇","내연기관 차는 이제 포르쉐 줘도 안탑니다.","18002414","2023-04-03 15:33:12",""
"오펜하이머","전기차 오너 아닌데 아파트 집밥이 안되서 고려하고 있지 않습니다.","18002414","2023-04-03 15:38:59",""
"선샤인1","전기차 시기상조입니다 모델3, 모델y 오너입니다","18002414","2023-04-03 15:42:25",""
"오뚜기바몬드카레","사람이란게 원래 내것이 아닌 것에는 별생각 없는데
내것이 되는 순간부터
내것을 내가 마음대로 못쓰는 상황이 오면 엄청난 스트레스를 받습니다.
그것도 타인에 의해서 그런일이 발생하면 더욱 성질나죠

전기차 충전 보면 그렇더라구요
한정된 자원에서
충전 다 했으면 다른 사람도 충전할 수 있게 이동해주는 배려가 필요한데
왜 저 차량은 충전 다 해도 차를 안빼지?
난 그렇게 하며 남을 배려 했는데 왜 나는 배려받지 못하지?
이런 생각이 드는 순간
전기차는 고통으로 다가올 수 밖에 없을거 같습니다

안그래도 살기 퍽퍽한데
충전 스트레스 하나 더 받기 싫어서 전기차는 구매할 생각이 없어요
아파트 같은 공동주택에 살고 있으면 특히요","18002414","2023-04-03 16:29:05",""
"Tremor","1년 동안 충전하면서 받는 스트레스와 1년 동안 주유소 가는 스트레스 비교해보면 스트레스의 총 합은 주유소 쪽이 더 큰 것 같아요.
잔고장도 적어서 센터 들어갈 일도 없고 차에 신경쓸일이 거의 없죠.

단점은 아직 가격이 비싸고 장거리 갈때는 확실히 충전 스트레스가 있고 운전하는 재미가 없다고 하는데…
운전을 즐기지 않아서 이건 잘 모르겠네요.","18002414","2023-04-03 17:05:43",""
"수-풀","옆집에 전기차 샀는데..
단점만 말한다면
1. 충전시설 설치 설치비가 존재함(총 200만원 가량)
2. 충전 시설 설치시 전기 기본료가 존재함(월 5만원)
3. 회생 제동이 총 3단 있는데 1단이 휘발류차 엔진브레이크보다 훨씬 쎄서 옆에 앉아 있는 사람은 속이 뒤집어 지겠더군요","18002414","2023-04-03 17:05:49","2023-04-03 17:07:04"
"기립근","@수-풀님 하나도 안써도 기본 5만원이라구요? 헐","18002414","2023-04-03 19:24:54",""
"수-풀","@기립근님 저도 놀랐습니다. 조금타는 사람 한테는 오히려 연료비도 휘발류보다 비쌉니다.","18002414","2023-04-03 21:17:36","2023-04-04 04:35:55"
"수-풀","@바바리완님 자동차 메뉴얼에 나온건데요. 포터 ev","18002414","2023-04-03 21:18:21",""
"상도동멍멍이","전기차 타고 있는데 조용하고 출력디ㅡ 좋아서 너무나 마음에 듭니다
특히 집에 이동식 충전시설이 잘 구비되어 있다면 주유소 가는것 보다 훨 편하게 충전 가능합니다

차값이 비싸다고 느끼실 수도 있는데, 약 8년간 주유료와 충전요금, 자동차세, 유지보수 비용과 각종 할인 감안하면 결코 비싸디 않습니다(내연기관대비 2~3천 비싼 대신 혜택이 많아서 회수 가능합니다)

아 물론 너무나 좋지만 다른 전기차 오너분들과 마찬가지로 아직은 시기상조(!)라 생각 합니다","18002414","2023-04-03 19:00:44",""
"김구-","시기상조입니다","18002414","2023-04-04 11:47:21",""
"wondole","잘해결되어서 다행입니다","18001370","2023-04-03 00:20:25",""
"muggs","잘해결되셔서 다행입니다
/Vollago","18001370","2023-04-03 00:33:35",""
"poplee","멀쩡히 가만 있는 테슬라는 왜 끄집어내시는지 ㅎㅎ 기아 차 배달 해주는거 편해보이네요","18001370","2023-04-03 00:59:44",""
"오오이이","@poplee님 전기차 이야기에 테슬라는 단골일수밖에요...
스포츠카 이야기에 911이 빠질 수 없고
고급세단을 논할때 S클래스가 등장하고
해치백 얘기가 골프가 단골 손님이듯
테슬라는 이제 그런 존재라고 봐야죠.","18001370","2023-04-03 06:25:57",""
"FrostBliz","@poplee님 전기차 분야 대장주인데 관련이슈 나오면 단골로 소환되는건 어쩔 수 없죠...

+)아이고 구글검색으로 들어와서 생각없이 댓글달고 보니 오래전 글이군요
귀찮게 해 드렸다면 죄송합니다","18001370","2023-12-29 00:13:28","2023-12-29 00:15:00"
"mitoo","ICCU 문제 때문에 테슬라로 간다는 분들도 꽤 있었으니 테슬라였으면 괜찮았을까 싶으셨던 거겠죠. 저런 부분에서 가장 노하우가 많을 것 같기도 하고.. 너무 예민하게 반응하진 않으셔도 될 것 같습니다;
그나저나 잘 해결되셔서 다행이네요..","18001370","2023-04-03 01:15:44","2023-04-03 01:17:49"
"clsrn413","그래도 주말 포함하여 일주일안에 해결되었으니 다행이네요.
저는 수입차나 국산차나 문제가 생길순 있다고 보고 당연히 수리를 받아서 고칠수 있으면 괜찮다고 생각하는 편입니다.
다만 수리기간이 길어져 차를 못쓰는건 너무 불편하더라구요.","18001370","2023-04-03 02:35:59",""
"babg","Iccu 리콜감 아닌가요
Gv60도 iccu 고장 관련 글들이 꽤 보이더군요.","18001370","2023-04-03 06:59:17",""
"JobSan","@babg님 이전 글에 적었지만 현재 해걀책이 없어보입니다. 교체만 할뿐! 원인을 잘 모르는듯 했어요!","18001370","2023-04-03 07:23:16",""
"ShockWave","수리센터의 이해도...
테슬라도 별반 차이 없던데요

하체 잡소리에 몇번 갔는데
그나마! 영어잘하는 젊은 엔지니어가
메뉴얼(영어겠죠?) 찾아서 볼트 토크 조금 더 줘서
해결한 케이스도 있었습니다

그나마 매뉴얼은 쓸만하게 갖춰져있구나 했지요

깨알같은 글씨로 부가세 별도같이 적혀있었다던데 그 young한 엔지니어에게 엄청 감사하고 있습니다","18001370","2023-04-03 08:24:45",""
"커피를줄여야할텐데","ICCU 보증기간 후 자비로 교체한다면 끔찍하네요
그때까진 개선하리라 기대합니다","18001370","2023-04-03 08:56:17",""
"이프로","AS 때문에 국산차를 산다는 분들이 전기차를 구매하면 과연 같은 말을 할까 싶긴 합니다.
테슬라는 애초에 기대하지마세요","18001370","2023-04-03 09:09:17","2023-04-03 09:09:24"
"poplee","@이프로님 텔라도 부품만 있으면 그렇게 끔찍하지않아요~","18001370","2023-04-03 09:28:09",""
"이프로","@poplee님 .... 그게 제일 끔찍한거죠","18001370","2023-04-03 09:29:15",""
"Tide","ICCU는 수리 메뉴얼에서도 블랙박스라 센터도 교체밖에 답이 없는 상황이죠.
제조공정과 설계 개선을 통해서 나아지기를 기다려야 하는데 시간이 더 걸릴 겁니다.

테슬라도 원래는 독립된 OBC가 있어서 간혹 교체하는 경우도 있었지만,
세대 개선이 거듭되 지금은 구조도 간단해지고 VC-Front와 BMS에 통합되었고,
간략화되어 부품수급도 수월한 파츠가 되었죠.

값비싼 전력반도체 소자들을 많이 사용하는 부품이다보니,
노하우가 쌓여서 보드 최적화와 간략화가 겹겹히 쌓여야,
내구도도, 수리도, 제조도, 교체파츠 문제도 개선되는지라...

시간이 더 필요할 겁니다.
다만 OBC, LDC에 V2L까지 기능이 통합되어 있고,
배터리 퓨즈는 멀리 떨어져 있어 쉬운 작업은 아닐것 같네요.","18001370","2023-04-03 10:03:04","2023-04-03 10:05:05"
"별멍멍멍","@이프로님 그래도 기타조건이 같을 때 절대로 현기(국산이 아니고 현기만) 보다 외산이 낫다고 할수없죠. 뭘 하든 비용에서 일단 시작점이 다르죠. 범버를 긁든 뭘 하든요.","18001370","2023-04-03 10:42:03","2023-04-09 13:06:57"
"40km","@님 그렇군요. 세컨차가 레이인데 둘다 주차가 힘들 수 있겠군요. ㅠㅠ","17996493","2023-03-31 10:43:31",""
"IruJan","저희집 주차장이 주차타워인데, 나아아아중에 전기차로 바꿀 수 밖에 없는 상황이 오면 월주차 알아봐야겠더라구요.
주차타워 중량제한이 2.2톤이긴 한데, 안받아줄 것 같습니다=_=
아니면 제가 돈을 윽수로 벌어서 1.8톤 전기차를 사거나요ㅠ","17996493","2023-03-31 10:42:29","2023-03-31 10:42:49"
"40km","@IruJan님 저희집은 신도시라 집 주차장은 오히려 충전과 주차가 편한데요. 회사가 주차타워인데, 근처에 자주식 주차장을 찾기 어려워서 고민 입니다. ㅠ","17996493","2023-03-31 10:45:02",""
"Karyudrian","기계식 주차장 전기차가 안되는 이유는 화재 이런것보다도 일차적으로 무게때문이죠..","17996493","2023-03-31 10:42:38",""
"40km","@Karyudrian님 네~~ 전기차가 이렇게 무거운지 이번에 알았네요. ㅠ","17996493","2023-03-31 10:45:19",""
"동남아리","기계식은 길이, 폭, 높이, 무게 모두 제한이 있습니다. 저희 회사 건물은 현행 K5가 딱 마지노선이에요.","17996493","2023-03-31 10:44:45",""
"40km","@님 예전에 K5 탔었는데, 생각 해보니 그때도 기계식 주차는 힘들었던 것 같네요.
그냥 근처 자주식 주차장을 좀더 찾아봐야겠네요.","17996493","2023-03-31 10:46:16",""
"40km","@MSG마시쩡님 네네~ 2톤 미만도 있는거 같더라구요. 근데 전기차면 아예 막는곳도 있어서 아쉽더라구요.","17996493","2023-03-31 10:46:55",""
"40km","@잼니크님 그렇군요. 예전건물에 기계식을 설치한 곳이 많아서 차체가 커진 요즘 차량들 많이 힘든 것 같네요.","17996493","2023-03-31 10:58:57",""
"제리아스","배터리가 생각보다 참 무겁단 말이죠","17996493","2023-03-31 10:47:51",""
"40km","@제리아스님 네네~ 전고체 배터리가 나오면 좀 나아 질까요?","17996493","2023-03-31 10:59:32",""
"SpaceCowboy","모Y 가 공차중량이 딱 2000kg 입니다","17996493","2023-03-31 10:58:23",""
"40km","@SpaceCowboy님 모Y는 크기 감안하면 생각보다 가볍네요. 전기차 전용 플랫폼이라 그런걸까요?","17996493","2023-03-31 11:01:34",""
"귀신이고칼로리","회사 주차장이 기계식 타워주차장이지만 전기차 잘 주차하고 있습니다. 기계식 주차장에 못들어가는 경우는 차폭이 넓거나 공차중량이 제한 범위를 넘거나 차고가 높은 경우이지 전기차라서 안되는건 아닙니다.
/Vollago","17996493","2023-03-31 12:45:09",""
"aiko","정확히따지려면 주행거리까지 따져야할텐데 그런거 없이 그냥 상용차 빼고 승용만 대충 비교해도 될겁니다.
이런거다따지면 발생비율이 그닥 적지도않고(오히려 더 높을수도 있고) 발생했을땐 통제도 어렵다는 결과가 나와버리죠.","17993319","2023-03-29 17:17:38","2023-03-29 17:19:14"
"onlyYOU","전기차 화재가 발생하면 끄기 힘들다는 점은 참 어렵습니다.","17993319","2023-03-29 17:22:25",""
"Marcolini","충전중 화재에 대해 궁금한 것이 충전속도별 화재건수는 알 수가 없더라구요. 50kW, 7kW, 3kW 각각 화재가 몇 건 있었는 지 알 수 있으면 좋겠더군요.","17993319","2023-03-29 17:25:09",""
"리누","@앙뚜아네트님

충전과 무관한 화재도 포함되어 있을겁니다. 충전중 화재가 유의미하게 많은건지도 자료로는 알 수 없네요.

사고와 무관한 화재들은 주로 제조결함 때문이었지 과충전이 원인으로 밝혀진 사례는 드문거 같습니다.","17993319","2023-03-29 17:38:40",""
"Marcolini","@리누님 https://www.hani.co.kr/arti/economy/car/1085679.html 해당기사를 보시면 주차장 화재가 22년 17건이라고 합니다. 주차장화재를 충전중화재로 가정한다면 충전속도별로 분류를 해볼 수 있을 것 같은데, 그런 데이타는 못찾겠더라구요.","17993319","2023-03-29 17:51:00",""
"컹컹컹","전기차의 년식을 생각하면 낮은 수치가 아닌거 같습니다","17993319","2023-03-29 17:32:18",""
"ala","평균 년식을 생각하면 생각보다 높은데요?","17993319","2023-03-29 17:33:50",""
"zanchanam","화재 발생 차량이 전년도 등록 차량에만 국한되지 않는다는 점을 고려하면 모집단은 전체 등록 차량으로 해야겠죠.","17993319","2023-03-29 17:36:21",""
"하늘풀","@zanchanam님 작년에 차가 2500만대나 팔리지는 않았을거 같고 말씀하신 전체등록차량 숫자가 아닐까요 ㄷㄷ","17993319","2023-03-29 17:38:59",""
"리누","@zanchanam님

등록대수 2천5백만대면 신규가 아닌 총 등록대수 아닐까요","17993319","2023-03-29 17:40:41",""
"웅키","@zanchanam님 전체 등록대수 입니다.","17993319","2023-03-29 18:36:12",""
"하늘풀","아무리 이런 숫자를 가져와도.. ""불이 한번 나면 크게 난다""는 주관적인 공포심이 있지요..","17993319","2023-03-29 17:38:33",""
"aiko","@하늘풀님 오히려 이자료는 전기차가 안전하지않다는 반증입니다.
키로수많은상용차 연식 오래된 차량 다 포함한거랑 비교했는데 저년식에 상용이 현저히 적은 전기차가 발생율이 내연대비 60퍼라는거거든요
같은 필터를 씌우면 전기차는 불리해져요","17993319","2023-03-29 17:41:56","2023-03-29 17:44:33"
"리누","@님

많이 팔리지도 않았는데 특정 차종 제조결함으로 화재건수가 뻥튀기 된 점도 감안해야지요.

전기차 화재는 끄기 힘들다에만 집중해도 될거 같습니다.","17993319","2023-03-29 17:45:52","2023-03-29 19:42:13"
"리누","@배꼽잡아님

코나, Bolt EV 등은 배터리 교체 리콜에 들어간 상황입니다.

그 차들을 제외한 통계가 앞으로의 기대값으로 봐야지요.

또 새로운 차에서 그런 문제가 터질거라고 우려해야 한다면, BMW EGR 이슈 같은 것도 또 터질수 있다고 가정해야 하니 무리한 가정이구요.","17993319","2023-03-29 17:55:58",""
"리누","@배꼽잡아님

통계에서 이상치 제거하는걸 무의미 하다고 생각하신다면,
앞으로도 배터리 제조 결함으로 인한 화재와 리콜이 같은 빈도로 발생할거라 기대한다는 의미인데..

미래를 매우 부정적으로 보시는군요.","17993319","2023-03-29 22:57:07",""
"graycode","전기차는 데이터가 쌓이면서 점점 개선되어 화재율 또한 점점 내려갈 겁니다.","17993319","2023-03-29 17:41:42",""
"헤도니스","기사의 논조는 충전중에 화재발생할경우 전기차가 매우 위험하니
충전기를 지하주차장이 아닌 지상이나 외부로 빼야된다는건데,
통계자료 상으로는 화재가 어떤상황에서 난건지를 알수가 없습니다.

주행중인지, 사고직후인지, 충전중인지, 충전완료후인지, 그냥 주차중인지...등등이요.","17993319","2023-03-29 17:45:47","2023-03-29 17:50:24"
"TYPE214","@헤도니스님
걱정하는 충전 중 화재는
1) 구형 코나 2) 르노 조에 3) 중국 전기차
말고 못본 거 같은데 지하충전소에 대한 반감은 점점 켜져가네요ㅠㅠ","17993319","2023-03-29 17:49:41","2023-03-29 17:51:43"
"TYPE214","@gazad님
모델X 말씀하세요? 그건 충전 중 화재는 아니고 완전 별개의 케이스에요
테슬라 차량 중 충전 중 화재났다곤 전 못들어봤는데.. 있다면 알려주세요","17993319","2023-03-29 19:00:17","2023-03-29 19:46:38"
"New댜넬","@gazad님 최근 실시간 중계한건 충전중이 아니라 배터리 이상으로 인해 정차후 6시간만에 화재가 났습니다. 폭발?이 된적 없습니다. 다만 배터리 화재 특징상 화염과 불꽃이 보였지만 말입니다.","17993319","2023-03-29 20:09:05",""
"TYPE214","@gazad님
https://www.econovill.com/news/articleView.html?idxno=599975
https://www.econovill.com/news/articleView.html?idxno=599849
이거보시면 될 거 같아요","17993319","2023-03-29 22:03:58","2023-03-29 22:04:22"
"모밀 짬봉","@TYPE214님테슬라 화재는 전국 생증계 되었는데 모를수 없는대 국산차 들어가니 조건 반사로 테슬라 로 물타기 한듯 합니다","17993319","2023-03-30 00:02:36",""
"매력댕이","차령 생각하면 전기차 화재율이 생각보다 높네요.
노후화 되면서 더 올라갈 지도 궁금하네요.","17993319","2023-03-29 17:46:01",""
"웅키","@매력댕이님 차령에 따른 화재 빈도에 대한 연구가 이루어졌으면 좋겠습니다.

초창기 판매된 아이오닉이나 레이ev 같은 차량의 화재가 얼만큼될지 궁금하네요","17993319","2023-03-29 18:39:13",""
"Tide","전기차 화재에 대한 이해도가 보편적이지 않은 상황이라,
한동안은 논의가 크게 의미를 가지기 힘든 시기인것 같습니다.","17993319","2023-03-29 17:47:39",""
"SweetBeen","일단 트럭을 포함 대부분의 상용차가 내연기관인거 부터가 밸런스가 안맞죠.
그리고 등록대수만 해도 차이가 너무 많이 나구요.","17993319","2023-03-29 18:00:45","2023-03-29 18:02:11"
"지나가는중","요새 분위기 참.. 충전은 1층에서 해도 좋으니 지하주차장 주차라도 안쫒겨나면 좋겠네요.. ㅠ","17993319","2023-03-29 18:06:41","2023-03-29 18:07:02"
"seno","https://www.clien.net/service/board/park/17842622
CLIEN

""1. 노후 차량일수록 화재율이 높다. ↔ 신차, 연식이 짧은 차는 화재율이 낮다. 2. 상용차, 승합차, 트럭 등의 화재율이 높다. ↔ 자가용의 화재율이 낮다."" 이 두 가지 요인만 고려하더라도 본문 정도 차이라면 모집단을 표준화 했을 경우 전기차 쪽이 화재가 더 많이 발생할 가능성이 높습니다.
현재 세계에서 전기차 운행대수가 가장 많은 중국 쪽 집계나 분석을 보더라도 전기차 화재 빈도가 내연차보다 결코 적지 않으며, 오히려 많을 수 있다는 보고들이 올라오고 있습니다.","17993319","2023-03-29 18:22:54","2023-03-29 18:27:21"
"웅키","@seno님 노후차량의 정비 문제가 전기차에 그대로 도입이 될 수 있는지 모르겠습니다.

노후차량의 각종 오일 누유나 엔진 과열에 따른 화재와 베터리 열화에 따른 화재는 다르니까요","17993319","2023-03-29 18:40:47",""
"seno","@웅키님 기존 화재 원인별 통계를 보면 알 수 있지만, '오일 누유'는 내연차 화재에서 아주 작은 비율 밖에 차지 하지 않습니다. 노후에 따른 오일 누유 혹은 기름통 파손으로 새어나온 기름이 내연차 화재에서 일정지분을 차지할 것 같으면 가솔린차와 디젤차 사이에 화재율 차이가 있어야 합니다. 디젤유는 디젤유 따라놓고 라이터불을 갖다대도 불이 안 붙을 정도이니, 디젤차의 화재율이 확연히 낮아야 하죠. 하지만 가솔린차와 디젤차 사이에 그런 이유로 인한 화재율 차이는 관찰되지 않으며, 실제로는 (다른 이유로) 디젤차의 화재율이 더 높습니다.
노후로 인한 화재에서 가장 큰 지분을 차지하는 단일 요인은 전장류의 노후화이고, 이것은 전기차도 피해갈 수 없는 원인입니다.","17993319","2023-03-29 18:46:36","2023-03-29 18:48:48"
"New댜넬","@seno님 가장 화재가 많이 나는 차는 하이브리드 차입니다.","17993319","2023-03-29 20:09:37",""
"seno","@님 미국 통계를 보고 하시는 말씀이라면 그 통계는 믿지 않으시는 편이 좋습니다.","17993319","2023-03-29 20:10:48","2023-03-29 20:13:36"
"New댜넬","@seno님 미국통계가 허구라는 근거는 어디에 있습니까?","17993319","2023-03-29 20:13:42",""
"seno","@님 말씀하신 통계가 이 통계 맞나요?","17993319","2023-03-29 20:16:01","2023-03-29 20:16:13"
"New댜넬","@seno님 https://www.autoinsuranceez.com/gas-vs-electric-car-fires/
자동차 보험통계 의 화재건수 조사입니다.","17993319","2023-03-29 20:22:18",""
"휘파람","seno님// 당신 말을 안믿는게 상식적이지 않을까요? 지나가다 웃고갑니다 ㅎㅎ","17993319","2023-03-29 21:26:17","2023-03-29 21:26:44"
"seno","@휘파람님 @님 네, 제가 스샷으로 언급한 그 통계네요.
이 통계에 대해서는 할 말이 참 많은데요. 댓글로 적기 보다는 따로 글을 올리는 편이 더 낫다고 생각합니다. 이 댓글 때문만은 아니고 전부터 그럴 생각이긴했으니 이후 다른 글로 이야기드리겠습니다.","17993319","2023-03-29 22:08:53","2023-03-29 22:15:11"
"우적왕시","이건 최근 5년내 기준으로 모수 산정해야죠.
토탈 등록대수는 별의미 없는것 같네요","17993319","2023-03-30 06:35:41",""
"솔로맥","모든차는 화재가 발생합니다.","17990119","2023-03-28 09:49:57",""
"PowerSales","@솔로맥님 당연히 발생하죠. 근데 전기차는 심각하니 문제고요. 차에 불이 날 수 있다는걸 모르는 사람이 어디 있어요?","17990119","2023-03-28 09:58:40",""
"x0123202","@솔로맥님 그거 누가 모르나요..?","17990119","2023-03-28 10:32:50",""
"Barbell_martini","@PowerSales님 ㅎㅎㅎㅎ","17990119","2023-03-28 15:03:15",""
"사이다s","모든차는 화재가 발생하지만 전기차는 대피할 시간이 없을정도로 붙을 가능성이 훨씬 높습니다.
패밀리카로는 조금 걱정이 되긴 하죠.

나혼자 탈출하는것과.. 애들 카시트에서 꺼내야하는 것...

그래서 저는 패밀리카로는 아직 전기차는 좀 조심스러워요.

출퇴근용으로는 최고지만요","17990119","2023-03-28 09:54:09",""
"우리요다이티","@늘피곤님 반대 아닌가요? 내연차 화재시가 더 빨리 불 붙는걸로 아는데요","17990119","2023-03-28 09:59:04",""
"리누","@늘피곤님

꼭 그렇지만은 않습니다.
전기차도 미리 전조증상을 나타내고 대피시간 후 불 난 케이스도 있거든요. (성수동 모델X 케이스) 통계적으로 대피시간이 부족하다고 하기에는 샘플이 부족한 상황 같습니다.

배터리 화재의 경우 완전 진화가 어려운 점. 그리고 관리 상의 문제가 아닌데도 제조상의 결함으로 화재가 생기고 있는 등의 문제가 심각하지만,

발화 자체만 두고 보면 발화속도나 초기 발화 에너지량 등은 내연차에 비해 더 격렬하거나 절대적인 양이 많지는 않은 것으로 실험적으로 나와 있습니다. (물론 실험실 밖에서는 더 격렬할 때도 있고 그렇지 않을 때도 있을것입니다)

가솔린 3리터 담아둔 레이 vs 16.4kwh 완충 상태의 레이로 화재 테스트 결과입니다.","17990119","2023-03-28 10:04:22","2023-03-28 10:07:16"
"사이다s","@리누님 레이 실험은 좀 잘못된거 같더라고요.","17990119","2023-03-28 10:09:17",""
"리누","@늘피곤님

실험의 상황이 모든 케이스를 대변하지 않기 때문에 그렇게 느끼실 수 있을 것 같습니다.

반대로 필드에서 발생하는 적은 샘플의 사고가 일반적인 양상으로 인식되는 것도 문제가 있어 보입니다.


저는 리튬 배터리가 상당한 에너지를 압축해서 담고 있어 위험하다고 생각했었는데, 이 자료에서 가솔린이 부피 대비 훨씬 큰 열량을 갖고 있다는 사실을 알게 되어 놀랐었습니다.","17990119","2023-03-28 10:13:06",""
"사이다s","@리누님 배터리화재는 진압이 안됩니다.
이것도 차이가 크죠.","17990119","2023-03-28 10:13:49","2023-03-28 10:14:41"
"여너니","@리누님 ""성수동 모델X 케이스""는 사건 진행과 대처가 보기드문 케이스죠..","17990119","2023-03-28 10:25:10","2023-03-28 10:29:42"
"prios","본인이 판단한 내용을 그냥 '사실'이라고 생각하고 남의 생각은 뭉개는 사람들이 많은데.. 이 글 댓글도 별반 다르지 않네요.

그런 분들에게는 이런저런 자료가 별 필요없죠.
chatGPT는 좀 신박하네요 ㅋㅋㅋㅋ 이제 chatGPT를 논박해야 하는 상황에 이르렀구만..","17990119","2023-03-28 10:27:31","2023-03-28 10:28:16"
"리누","@늘피곤님

완전 진화가 안되는 어려움은 위에 제가 쓴 댓글에도 언급해 두었습니다.

전기차 화재라도 내장재에 옮겨 붙은 불을 약화 시키며 시간을 버는것까지 불가능한건 아닙니다.

다만 그렇게 하면서 승객을 구출하려면 배터리 폭주열이 도어쪽이 아닌 전/후방쪽으로 벤트되는 설계가 필요하기에 차의 설계마다 상황이 다를 것이고, 앞으로의 차들은 이런 부분을 잘 고려해서 설계되길 바라고 있습니다. 초기에 위험한 차들이 있었다고 해서 전환을 하지 않을 수는 없는 것이니, 보완되어야지요..","17990119","2023-03-28 10:30:18",""
"graycode","@늘피곤님
배터리 500kg이 약 4~500km를 갈 수 있다고 하면, 휘발유 500kg는 그의 열 배가 넘는 수 천 킬로미터를 갈 수 있다고 합니다.
그만큼 화석연료의 에너지 밀도가 높고 기름통에 화학물질이 한덩어리로 모여있는 거라 화재 빈도도 높고 폭발력이 강하다고 하네요.
반면에 배터리는 에너지 밀도가 낮고 셀 및 모듈 단위로 분리되어있게 때문에 완전 연소하는데 시간이 더 걸린다고 볼 수 있겠습니다.","17990119","2023-03-28 10:45:21",""
"샴푸","@graycode님 연료 500kg은 순수 연료의 무게지만 배터리는 그게 아닌것도 있죠","17990119","2023-03-28 11:29:28",""
"LLuckYY","@graycode님 영상 가장 최근 댓글 내용인데요. 전공자가 아니라서 잘 모르겠지만 다른 의견도 있는거 같습니다","17990119","2023-03-28 11:49:38",""
"우리요다이티","@제로싟님 최근 친환경차 수요가 증가하고 있고, 전기자동차의 화재
성상, 진압 시 안전 사항 등 파악을 위해 가솔린 차량과
실물 화재 실험으로 화재성상을 비교하였다. 정확한 비교를
위해 비슷한 차량, 점화위치, 점화원 등을 최대한 동일하게
하여 실험을 진행을 하였다. 연소 온도 특성은 가솔린 차량의
외부 최고온도는 935.4 °C, 내부 최고온도는 1,362.9 °C까지
상승하였다. 전기자동차의 외부 최고온도는 631.0 °C, 내부
최고온도는 1,362.0 °C로 가솔린 차량이 전기자동차보다
더 높은 온도특성을 나타냈다. 이러한 특성은 동일한 조건을
위해 전기자동차를 만충시키고, 가솔린 차량도 휘발유를
일정 부피를 채웠는데, 연소되면서 휘발유의 영향으로 가솔
린 차량이 더 화재확산이 많이 일어나고 높은 온도까지
상승한 것이고, 전기자동차은 배터리의 일부 LiB 팩이 폭발
양상은 보였지만 가솔린 차량처럼 초반에 연소 확산이 일어
나지는 않고 시간이 지날수록 내부 온도가 올라가는 것으로
측정되었다.

- 전기자동차와 가솔린자동차의 실물화재 비교 분석 논문 보니까 이렇고요...전기차나 내연차나 불나면 비슷하군요","17990119","2023-03-28 12:18:01","2023-03-28 12:20:20"
"보리앙","@리누님
해당 차트는 발화시 온도비교 같은데요? 누가 불이 잘붙냐가 아닌듯 합니다.","17990119","2023-03-28 12:18:54",""
"리누","@보리앙님

외부온도 그래프의 기울기가 불길이 강해지는 속도를 대변하는 것으로 해석할 수 있다고 생각합니다.","17990119","2023-03-28 12:24:53",""
"리누","@LLuckYY님

좋은 내용들이라 잘 읽었습니다. 캡처 감사합니다.

그런데 리튬 열량 부분은 오류인게, 순수한 리튬이 그렇게 많이 쓰이지 않습니다.

모델S에 리튬이 7.7kg 들어갔다고 하고, 다른 차들도 kwh당 50g~500g까지 레인지가 무척 넓다고 하네요.

열량이 휘발유 두배라 하더라도, 모델s는 휘발유 약 20리터 사이 정도 열량이라 보면 될거 같습니다. (휘발유 비중 0.745kg/L로, 리튬의 kg당 열량은 2배로 러프하게 계산)","17990119","2023-03-28 12:32:52","2023-03-28 12:43:53"
"graycode","@LLuckYY님
오토기어 의견은 상식적으로 말이 되고 이분 의견도 이론적으로 일리가 있어 보이네요. (저도 문외한이라 확인은 할 수는 없지만)
그러나 이분 의견만으로 휘발유차 대비 화재 확산이 빠르고 위험하다고 볼 수는 없겠습니다.","17990119","2023-03-28 12:35:07",""
"셀빅아이","@늘피곤님 레이 실험은 가솔린차에 유리하게 되어 있었죠.
기름통이 얼만데 3L만 넣었고, 전기차는 완충해서 실험했었습니다.","17990119","2023-03-28 22:17:00",""
"이프로","우선 화재가 발생하는 위치부터가 다릅니다.
내연기관은 엔진 위치인 본넷이나 후면부에서부터 불이 나지만 전기차는 바로 시트 밑 하단부에서 나게 되어 있습니다.
이에 따라 대처할 수 있느냐 없느냐 문제가 발생하는 것이죠.
그리고 소화할 수 있는 대처능력에도 차이가 있기 떄문에 공포심을 느끼는 정도가 다르리라 생각됩니다.","17990119","2023-03-28 10:04:37",""
"리누","@이프로님

설계에 따라 다른 양상을 보이는 부분으로 봐야 할 것 같습니다. 성수동 모델X 배터리 열폭주 사고의 경우 열을 배출할 수 있는 벤트 쪽으로 화염이 배출되었고, 실내 공간은 거의 손상이 생기지 않았습니다.

사고가 났을때를 가정한다면 내연차는 순식간에 연료가 팽창하면서 화염이 번지기도 하죠.","17990119","2023-03-28 10:09:33",""
"리누",".","17990119","2023-03-28 10:10:11",""
"이프로","@리누님 전기차는 사고시 보다는 일상에서 화재 때문에 더 공포심을 갖게 되는겁니다.
제가 말씀드리는 것은 사람들이 느끼는 공포에 대한 것이고 저도 테슬라를 운행하고 있기 때문에 이번 모델X 화재 사건을 잘 이해하고 있습니다.
다만, 제대로 이해하고 있는 사람들보다 뉴스에서 보고 막연히 위험해 라고 생각하는 분들이 대부분이라는 점 그리고, 내연 기관 차량 대비 주행하지 않는 상황에서도 발화가 된다는 점들이 언제 불이 날지 모른다는 고정관념으로 정착이 되어 버릴 가능성이 높습니다.","17990119","2023-03-28 10:17:30",""
"리누","@이프로님

위에 제가 댓글을 단 글들을 보면 '사람이 타고 있을 때'를 전제로 두고 비교하셔서 댓글을 달게 되었습니다.

전기차 화재의 단독 특징은

'주차 중에도 불이 날 가능성이 있다'
'진화가 어렵다'

이 두가지가 핵심인데, 주행중 화재에서 탈출하는 관점에서는 다소 위험성이 과장 되는 느낌이 있습니다. (더 빠르게 불이 붙는다??) 배터리 진화는 불가하지만 대피하는 시간을 버는 동안 승객 공간에 옮겨 붙은 불도 못 끄는건 아닌데, 위험성이 과장된다면 누가 소화기를 들고 사람을 구하려고 나설지 걱정입니다. 지금의 인식대로라면 전기차가 불 나면 근처에 갈 생각도 하지 말고 멀리 도망가야 할 판인데요..","17990119","2023-03-28 10:23:55","2023-03-28 10:26:09"
"이프로","@리누님 전기차 화재는 소화기로 불을 끌 수 있는건 아닙니다. 소방차가 온다해도 수조에 담그기 전까지는 다 지켜봐야 하는 상황이구요. 내연기관 차량은 적어도 소화기로 시도해볼 생각은 하겠지만 전기차는 글쎼요.
위험이 과장되었다고 하더라도 배터리가 위험한건 사실입니다.
제가 말하는 요점은 공포심입니다. 공포심은 그 사실을 뛰어 넘으니까요. 그런 불안함과 공포심이 해소되지 않으면 전기차를 바라보는 시선은 결코 개선되지 않을 겁니다.","17990119","2023-03-28 10:34:37",""
"리누","@이프로님

저도 공포심이 문제라는 말씀에 적극 동의합니다.

특성을 정확히 이해해야 하는데, 언론이 오히려 공포를 조장하고 과장하고 있고, 많은 분들이 무비판적으로 공포를 그대로 수용하고 계시는 것 같습니다.

화재 발생 위치 말씀을 해주셨는데, 모델X 발화 케이스에서 배터리 열폭주 시 열이 특정 방향으로 몰릴 수 있도록 설계한다면 설계 의도대로 유도할 수 있는 가능성을 보았습니다.

사례들을 모아 점차 구조적으로 개선해 나가면 충분히 대응이 가능해질텐데, 초기에 너무 과도한 공포를 심어 놓아 그게 가능할지 걱정입니다. 제가 우려하는 것은, 충분히 사람을 살릴 수 있음에도 불구하고 빨리 포기하게 되는 부분입니다.","17990119","2023-03-28 10:45:06",""
"이프로","@리누님 여러가지 상황이 겹치고 있다고 생각합니다.
전기차로 전부 전환되는 분위기 였다가 일부 내연기관 제조사가 거부하고 있고 전기차는 시기상조라는 분위기가 지속되면 결국 100% 전환은 힘들지 않을까 생각 됩니다.
이러한 점들의 극복을 위해서는 제조사들이 차량 화재에 대해 적극적으로 대응해야 하는데 그렇지 않기 때문에 불안감이, 더 나아가 공포심이 증폭되는 것이라 봅니다. 군중심리를 제어하지 못한다면 전기차로 전환은 점점 더 느려질 거 같은 개인적인 생각 입니다.","17990119","2023-03-28 10:50:07",""
"머할래","모든 차는 불나고…어느 정도 개개인의 인지능력만큼 위험하니…사고 안사고는 본인의 선택이죠….","17990119","2023-03-28 10:12:53",""
"웨건마니아_록맨10","모든 차는 불이 나도 전기차는 불이 나는 상황과 속도, 소화 가능한 상황이 다르다는게 맞죠. 당연한 사실을 자꾸 오도하려고 하는건 전기차 개선에 아무 도움이 안되죠.

사회에선 좀 더 빠르게 인지하고 있는 듯 하니 다행이구요","17990119","2023-03-28 10:16:23","2023-03-28 10:19:26"
"mikastar","저런 단순 화재의 경우에는 발생확률도 낮고 사상이 발생할 가능성은 낮지만
충돌로 인한 화재 발생시에는 모든 전기차가 위험하죠.
이 두개를 한케이스에 엮어서 보시는분이 있는데 그럼 안된다고 봅니다.

물아일체좀 안했으면 좋겟군요.","17990119","2023-03-28 10:29:21","2023-03-28 10:30:38"
"우리요다이티","근데 그 카페 가서 보니까 테슬라 처럼 bms 오류 뜨고 연기날때 초동대처 잘 해서 화재까진 이어지지 않은건가요? 뭐죠...후기가 궁금하네요","17990119","2023-03-28 10:32:37",""
"meii","ev6 오너인지라 동호회 카페 오랫만에 접속해서 화재 글 찾아보았늗네
고전압배터리 화재는 아닌거 같네요
저상태로 진압완료 됐다고 하네요","17990119","2023-03-28 10:34:49","2023-03-28 10:40:15"
"poplee","다행이네요…","17990119","2023-03-28 10:56:12",""
"D-I-Y","흠 실생활에서도 전기로 인한 화재는 항상 무서운데 전기차도 은연중에 그런 느낌이 듭니다.
일반 차량이나 전기제품들 합선때문에 불나기도 하고,
스마트워치 처음 나왔을때도 손에 배터리 붙들고다니는거 안무섭냐 라는 말도 나왔는데 하물면 그 배터리가 다량으로 들어간 자동차는 더 겁나는게 당연한거같습니다.

근데 배터리 화재가 났을때 무서움은 이미 대중적으로 퍼졌구요. 당연히 아직도 그에대한 문제점은 있는거고 그게 내연기관보다 적든많든간에 발생할 수 있는 문제점이고 앞으로 더 안전한 방법을 찾아야한다고 봅니다.","17990119","2023-03-28 10:35:26",""
"clsrn413","근데 화재 이유가 뭔가요? 사고에 의한건지 아무 이유없이 달리다가 그런건지에 따라서 받아들이는게 다른데요.","17990119","2023-03-28 10:42:13",""
"커피를줄여야할텐데","@카마니아님
전기차 초기에는 가만 있다가도 자체 발화도 됐는데 요즘은 테슬라 1건 외엔 거의 없는걸로 압니다
하지만 아래부분 충돌이 있을 경우엔 배터리 화재가 나고 있습니다","17990119","2023-03-28 10:57:32",""
"TYPE214","@커피를줄여야할텐데님
모델X는 배터리 교체 후 화재가 나긴 났는데, 3시간 전조 증상 후 실내는 영향 없을 정도로 탔어요
충전 중 화재가 난 건 조에와 코나 이전 모델이고,
최근에 주행 중 이유 없이? 화재가 난 ev6는 있죠
아이오닉5는 사고 및 하부 연석에 닿아 화재, 모델3는 통풍시트 때문에 났고요","17990119","2023-03-28 11:04:26",""
"New댜넬","@커피를줄여야할텐데님 테슬라1건도 순정에서의 자체발화가 아닙니다. 수리후 사고라 수리처리에 대한 문제가 있습니다.","17990119","2023-03-28 15:21:44","2023-03-28 15:21:55"
"커피를줄여야할텐데","화재비율은 현재까지
하브 > 엔진차 > 전기차 라는 통계가 이미 있고

한번 불나면 끄기 힘든건
전기차 >> 하브 = 엔진차 죠

불이 확산되는 속도는 케바케인듯 합니다","17990119","2023-03-28 10:54:54",""
"Hoony","배터리에 화재가 발생하느냐 여부가 관건일 것 같습니다.
아이오닉의 경우 연석에 강하게 충돌하면 발화한다는 이야기가 있는데, EV6는 이부분에서 안전한지 모르겠습니다.","17990119","2023-03-28 11:05:09",""
"커피를줄여야할텐데","@Hoony님
같은 현기의 E-GMP 플랫폼이라 비슷할것 같습니다
거기에 덧붙여진 보호프레임의 차이가 있을것 같은데 이 관점에서 일단 아이오닉은 연석에 좀 더 취약해 보입니다","17990119","2023-03-28 11:17:13",""
"엑스텐드","엔진차 처음 나올때도 마차타는 사람들은 어떻게 폭약 위에 타고 다니냐고 했었죠. 인식을 바꾸는건 참 어려운것 같습니다.","17990119","2023-03-28 11:15:28",""
"공허의날개","좋은댓글들 많이달려서 정독했습니다 앞으로 더 건전한 정보교환이 이루어졌으면좋겠네요 댓달아주신분들 감사합니다","17990119","2023-03-28 12:13:44",""
"neckg","현대 전기차는 추천못하겠네요","17990119","2023-03-28 15:24:17",""
"엑스베이스","배터리 화재는 아닌걸로 압니다. 전소되지 않았고 그냥 일부만 그을렸다고 알고 있습니다. 원인이 뭔지 지켜봐야겠네요.","17990119","2023-03-28 17:07:20","2023-03-28 17:57:58"
"게떼이>","요즘 에어컨 냉매인 1234yf의 경우 가연성 가스입니다...사고로 인한 에어컨 배관 파손과 충돌로 인한 스파크 등의 발와원인과 만나면 급격한 가스 발화 폭발이 일어나기도 합니다...이건 전기차뿐만 아니라 내연기관 차량도 동일합니다...

에어컨 배관 터지고 스파크 일어나고 직분사 고압연료레일 터지면 내연기관도 대폭발 일어나는겁니다....

반대로 전기차도 메이커마다 다르겠지만....테슬라 같은 경우 성수동 모델 X 사건에서 보다시피 발화시 화염의 배출 설계가 잘 되어 있어서 사람이 타고 있는 캐빈룸은 비교적 멀쩡한 것으로 보면...

상황은 그때그때 다른 것 같습니다.","17990119","2023-03-28 17:25:45","2023-03-28 17:29:49"
"우리요다이티","기계식에 전기차 안받아줄겁니당... 무게 때문에요","17960100","2023-03-13 16:48:00",""
"Gobi","@우리요다이티님 2200아래인 애들도 있어서 어떤게 가능한지 궁금해서 적은 글입니다.","17960100","2023-03-13 17:04:03",""
"Gobi","@AppleWatch님 오 테슬라 훌륭합니다.","17960100","2023-03-13 17:04:50",""
"Tide","모델3 1830kg
모델Y 2000kg
모델S 2162kg
볼트EV 1640kg
코나EV 1680kg
미니EV 1390kg
포터EV 1930kg
폴스타2 2145kg","17960100","2023-03-13 16:55:14","2023-03-13 17:17:25"
"Gobi","@Tide님 모델 Y가 의외로 가능하네요?","17960100","2023-03-13 17:04:38",""
"별멍멍멍","세곡동에 2.4톤 엘리베이터식이 있더라고요.
팰리세이드도 들어갑니다
오닉5도 너끈히 가능하고요","17960100","2023-03-13 16:55:53",""
"Gobi","@별멍멍멍님 2.4도 존재하는군요? 높이도 충분한가봅니다.","17960100","2023-03-13 17:05:04",""
"별멍멍멍","@Gobi님 팰리도 들어갈 정도니
건물주가 꽤 신경좀 썼나봅니다 ㅎㅎ","17960100","2023-03-13 17:08:19",""
"Gobi","@별멍멍멍님 건물도 좋을것 같습니다 ㅎㅎㅎ","17960100","2023-03-13 20:11:06",""
"네입어","@별멍멍멍님
2,615kg인 제 차는 어림 없군요ㅠㅠ","17960100","2023-03-13 20:25:13",""
"엑스베이스","지역이 어디신지는 몰라도 서울엔 오래된 건물이 너무 많아서 기계식 주차장 있어도 대부분 1600kg 미만 내지 1800kg 미만이 많더라구요. 그나마 장거리형 전기차 중엔 코나, 니로, 볼트 정도만...","17960100","2023-03-13 17:12:38","2023-03-13 17:16:46"
"Gobi","@엑스베이스님 지하주차장도 엄청 좁은 곳이 많죠 ㅜㅜ","17960100","2023-03-13 20:11:20",""
"아노군","gv60 2륜이 2톤 약간 안되서 들어는 같 수 있읓겁니다.","17960100","2023-03-13 17:24:50",""
"크렙스","아이오닉5, 6 4륜까지 될겁니다","17960100","2023-03-13 17:46:19",""
"아느아","주차장법에 의해 중형과 대형으로 나뉘고, 규격은 다음과 같습니다.
중형(길이 5.05미터 이하, 너비 1.9미터 이하, 높이 1.55미터 이하, 무게 1,850킬로그램 이하)
대형(길이 5.75미터 이하, 너비 2.15미터 이하, 높이 1.85미터 이하, 무게 2,200킬로그램 이하)","17960100","2023-03-13 19:11:40",""
"Gobi","@아느아님 오 그러면 i4는 2,110kg이니까 대형에는 무난하게 들어가겠네요.","17960100","2023-03-13 20:10:56",""
"nanothings","무게 상관없이 파란 번호판이면 안받아주더라고요.

모델Y 스탠다드 공차중량 1,778kg 가능한데 무조건 거부 당했습니다.
거부요소가 무게뿐만이 아니겠죠","17960100","2023-03-13 20:47:43",""
"retinadisplay","@nanothings님 주차장법에 따라 불법 주차거부네요","17960100","2023-09-05 15:55:32",""
"5mozart","전기차면 무조건 안받는곳이 태반입니다. 아마 화재발생 가능성도 보는거 같네요","17960100","2023-03-13 23:24:36",""
"딥크로마블루","공차중량과 실무게와는 차이가 있어서 공차중량을 근거로 받아주진 않을겁니다","17960100","2023-03-14 08:46:09",""
"TYPE214","레이EV 가격이 궁금하네요","17953265","2023-03-10 09:03:14",""
"masquerade","@TYPE214님

+1

오 땡기지만

막상 오픈 하면 실망 하겠죠?","17953265","2023-03-10 09:12:51",""
"TYPE214","@masquerade님
중국에선 120km 주행 가능한 홍광미니ev가 700만원 정도에 구매 가능해 엄청난 인기를 끈 것으로 알아요
한국에선 레이ev 2세대가 주행거리 늘리고 상품성을 개선해 비슷한 포지션으로 수요가 많을 거 같아요
가격이야 3배 이상 차이나겠지만요..ㅎ","17953265","2023-03-10 09:20:27","2023-03-10 09:20:57"
"EggMon","요새 유럽 중국의 부품메이커들이 내놓는 소형차용 전기차 솔루션들 보면 차체 만들고 배터리만 사서 끼워팔면 되는 수준까지로 원모듈 솔루션이 나오더라구요..","17953265","2023-03-10 09:13:36","2023-03-10 09:15:30"
"tear","가격만 싸다면 계속 확대해 나갈거 같네요.","17953265","2023-03-10 09:16:44",""
"공부할까","전기 관련해서는 다 수입한다던데 아마도 3천4백 정도에 나와서 보조금 나오면 2천7백 정도 되지 않을까요....???","17953265","2023-03-10 09:28:06","2023-03-10 09:28:53"
"아이포린","@공부할까님 2천 초반이면 괜찮을 것 같은데요;; 주행 거리 얼마나 나올까요","17953265","2023-03-10 09:57:55",""
"공부할까","@아이포린님
저도 유튜브 발 정보뿐이라 잘 모르는데요....
아마 일본에서 제일 잘 팔리는 전기 경차 사꾸라가 180km니까 이 정도 나오지 않을까 싶습니다.","17953265","2023-03-10 10:04:00",""
"셀빅아이","@공부할까님 +1 // 이 가격 예상합니다.
현기가 8년 정도 유지비 까지 해서 가격책정 하더군요.","17953265","2023-03-10 22:43:23",""
"Gaskell","세금으로 중공기업을 키워주는군요..","17953265","2023-03-10 10:08:41",""
"Demolation","@Gaskell님 전기차 lfp배터리는 catl등 중국기업만 생산하고 있으니까요","17953265","2023-03-10 10:54:06",""
"쇼하고있네","드디어 인산철이 들어오는군요
주행거리 400KM 이상만 되면 인산철이 최고죠","17953265","2023-03-10 10:31:36",""
"한-라-산","가성비 (정확한 제원은 모르지만?) 월등한가 봐요?","17953265","2023-03-10 10:53:23",""
"iterator","@한-라-산님 리튬이온보다 싸고, 화재위험이 적습니다. 단점은 꽤 무겁다는 것인데 패키징 경량화로 어느정도 커버하고 있는 상황이라 앞으로 대세가 될 가능성이 높은 재료입니다.","17953265","2023-03-10 13:11:40",""
"한-라-산","@iterator님현대 입장에서는 CATL 선택할 수밖에 없네요?
판매가격에 어느 정도 반영할지 모르지만? 최고의 선택 ....?","17953265","2023-03-10 13:26:31","2023-03-10 13:28:05"
"마훈네","@님
좋은거 다 모으면 당연히 좋죠","17953265","2023-03-10 17:23:29",""
"라면라면","대충 보조금 후 2천 중후반쯤 될것 같네요.
주행거리만 250킬로 정도 뽑아주면 살품성 좋아보입니다.
캐스퍼 전기차가 가장 기대되네요.","17953265","2023-03-10 11:00:31",""
"그대로멈춰라","Lfp 배터리 양극재 특허를 중국이 무효화해서 중국내수 파이를 키웠죠. 결국은 중국이 양아치인거죠 ㅠㅠ","17953265","2023-03-10 11:33:58","2023-03-10 11:34:05"
"닉이름닉","다른 질문인데요
리튬대신 나트륨 쓰면 배터리 안 터지나요?","17953265","2023-03-10 11:37:20",""
"그건컵핸들","@닉이름닉님 불이나도 적게 말꺼같아요 물부으면 꺼질정도로요

리튬은 물부으면 온도가 올라가서요","17953265","2023-03-10 14:38:00",""
"AIROID","@그건컵핸들님 나트륨도 물에 담그면 터져요","17953265","2023-03-10 14:51:55",""
"그건컵핸들","@AIROID님 찾아보니
그렇쿤요 안전한건 아니군요","17953265","2023-03-10 17:08:00",""
"삼알배엽바척","https://www.clien.net/service/board/park/16321988
CLIEN","17953265","2023-03-11 02:11:04",""
"ARobin","대중국 무역적자는 계속 증가하겠네요","17953265","2023-03-10 12:29:36",""
"엑스베이스","안그래도 차체가 작아 하부 공간 문제로 리튬이온 넣어도 주행거리를 크게 기대할수 없는 수준이었는데 리튬 인산철이면 주행거리 더 줄어들겠습니다. 그냥 현 상황에 맞춰 생산가 맞추는 플랜을 바꿨나 보네요.","17953265","2023-03-10 13:36:58",""
"HTR","배터리 안(못) 만드는 현기차로서는 LG엔솔에 협상력 가지려면 중국산도 쓸 수 있다 이런 제스처를 보여야 되죠.

LFP 가 에너지밀도로 인한 무게 단점을 패키징 개선해서 대세가 된다고 하시는 분도 있지만 화학적 에너지 밀도 한계때문에 저가차량은 LFP, 중고가 프리미엄은 NCM계로 반반정도 나누기로 갈거라고 봅니다.

게다가 공통으로 들어가는 리튬값이 미친듯이 오르면 LFP 는 상대적으로 정밀하게 만들지 않아도 화재가 잘 나지 않는다는 장점 정도나 남지 무게라는 치명적 단점은 어쩔수가 없죠.. 셀투팩도 부피만 줄이지 무게는 못 줄이니까요.","17953265","2023-03-10 13:39:00","2023-03-10 15:04:05"
"Moderate","자동차회사들 판매 중장기 계획 보면 LFP 배터리 공급이 불가피한데 아무리 이야기해도 전부 외면하더라고요. 국내 기업 이해관계 때문인지요","17953265","2023-03-10 14:57:13",""
"HTR","@Moderate님 지금 LFP 만들어도 이미 LFP 규모를 완성해서 저가 경쟁력 만땅 확보한 중국 거대 배터리 업체를 가격으로 이겨먹기가 힘들어서 그렇습니다. 가격으로 승부하는 시장에서 중국업체하고 출혈경쟁하다간 LCD 사업처럼 조단위 적자 내고 망합니다.","17953265","2023-03-10 15:06:54","2023-03-10 15:07:16"
"Moderate","@HTR님

그렇죠.. 아무튼 저는 OEM사 기준으로 말했던 거였거든요. NCM배터리 확보 계획 제시 없는 완성차 업체의 중장기 판매 대수 확대는 필연적으로 LFP 배터리의 공급확대를 가져올 수밖에 없다는 걸 2020년에 이야기 했는데.. 배터리 업계나 완성차 친구들은 관심이 없더군요","17953265","2023-03-10 17:44:13","2023-03-10 17:46:35"
"HTR","@Moderate님 LFP는 이제 하고 싶어도 중국업체들 때문에 투자금이 회수가 안 될게 뻔한 게 문제죠.

2020년 당시에는 중국이 중국의 한국배터리공장 제품쓴 것을 전기차 보조금을 안 주면서 차별하던 때라서 투자할 수도 없었고요.

작정하고 미국이나 중국이 배제하는 시장에 들어갔다간 손해만 봅니다. 그걸 외교로 정부가 풀어야 되는데.. 뭐 굥씨정권에서는 기대하기 힘들 거예요.","17953265","2023-03-10 18:40:24","2023-03-10 18:41:10"
"clsrn413","e gmp만 사야겠군요","17953265","2023-03-10 15:04:46",""
"seno","https://www.clien.net/service/board/park/17954504
CLIEN

인산철(LFP) 배터리가 실제로 화재가 덜 나는지는 의문입니다.","17953265","2023-03-10 17:57:52","2023-03-10 17:58:16"
"HTR","@seno님 중국이 처음에 LFP 에 집중한 이유도 철 양극재 가격이 저렴 + 낮은 수준의 공정으로 만들어도 불붙을 확률이 NCM 보다 낮아서 시작한건데 지금은 그걸로 쌓은 규모와 기술로 NCM도 넘보고는 있는데.. LFP 배터리 회사도 너무 많다보니 5등 이하 회사는 주먹구구로 만들어 LFP도 불이 자주 납니다. CATL, BYD 쯤 되야 좀 품질관리가 되는편인데.. BYD가 화재가 잦은 건 화재에 제일 취약한 하이브리드에 주력해서라는 분석도 있고요.","17953265","2023-03-10 20:17:39",""
"seno","@HTR님 하이브리드가 화재에 제일 취약하다는 얘기는 미국발 가짜 통계일 겁니다. 그 외엔 확실히 결론이 안 났다고 압니다. BYD가 플러그인 하이브리드를 많이 만들기는 한데, 이쪽의 화재율이 더 높은지는 잘 모르겠습니다.","17953265","2023-03-11 16:17:44","2023-03-11 16:29:00"
"HTR","@seno님 일반 하이브리드는 별 문제 없는데 배터리를 왕창 넣은 플러그인 하이브리드는 화재가 자주 발생한다고 합니다. 실제로 제조사 막론하고 플러그인 하이브리드는 리콜도 많이 되었고요..","17953265","2023-03-11 16:42:26","2023-03-11 16:48:21"
"cde3231","앞으로 계속 심해지겠지요. 출고는 계속하는데 충전소는 제자리걸음니 전기차 타기 점점 어려워질겁니다.","17950360","2023-03-08 19:38:31",""
"우리요다이티","@cde3231님 그러게요….단독주택 가고 싶습니다 ㅋㅋ","17950360","2023-03-08 19:40:41",""
"clsrn413","완속4대는 좀 심했네요.. 매일 충전해야하는 영업용, phev 포함하면...","17950360","2023-03-08 19:53:35","2023-03-08 20:03:04"
"우리요다이티","@카마니아님 네.....근데 아무래도 동대표들중 전기차 오너가 없는지....심각성을 모르더군요 ㅋㅋ","17950360","2023-03-08 22:26:36",""
"라마님","viper9kdb님// 대공감입니다!","17950360","2023-03-08 22:03:58",""
"우리요다이티","@viper9kdb님 전기차 몇대 없던 시절엔 PHEV가 주차하는거 많이 봤는데요 10대 넘어가니까 PHEV는 충전 못하더라구요 안보입니다 ㅋㅋ; 지금은 PHEV보다 영업용 포터가 차 배터리, 냉동고 배터리 충전하느라....매일 주차하는게 오히려 문제입니다 ㅋㅋ;","17950360","2023-03-08 22:26:00",""
"우리요다이티","@EERiE님 여행 가거나 할때는 환경부 급속 잘되어 있어서 걱정이 없는데 집밥이 문제네뇨 ㅠㅠ","17950360","2023-03-09 09:54:06",""
"TYPE214","제가 있는 동은 충전기 4개에 전기차는 두대네요
다행히 단 한번도 충전에 구애받은 적이 없어요","17950360","2023-03-09 07:22:41",""
"우리요다이티","@TYPE214님 부럽습니다…ㅠㅠ 올해 보조금 풀리면 더욱 늘어날께 훤히 보입니다 저희는 ㅠㅠ","17950360","2023-03-09 09:53:01",""
"솔로맥","저희 아파트도 추가 설치분 18대 완속 충전기는 화재 우려로 1층 지상 주차장에 설치했어요. 덕분에 좋은 자리가 충전소... 고맙죠.","17950360","2023-03-09 08:21:16",""
"우리요다이티","@솔로맥님 ㅎㅎㅎ 부럽습니다 ㅠㅠㅠㅠ","17950360","2023-03-09 09:53:34",""
"eggry","충전지옥이 오고 있는 것 같습니다.","17950360","2023-03-09 15:05:33",""
"콜홍","쏘카로 코나 일렉트릭이랑 아이오닉5 탔다가 ev6 차주가 되었습니다.","17892637","2023-02-06 22:11:54",""
"알로하서군","저도 전기차 타보고 우와 하다가 명절에 휴게소에서 충전하려고 줄 서 있는 거 보고 접었습니다.","17892637","2023-02-06 22:13:16",""
"커피를줄여야할텐데","@알로하서군님
명절 중 설은 고속도로 휴게소 들리지 않도록 계획 짜야 합니다 ㅋㅋ

1. 미리 완충하고 출발
2. ""아빠 추워. 왜 히터 안켜?""
3. ""시끄러. 얼릉 자""
4. 충전없이 목적지 도착","17892637","2023-02-07 11:37:18","2023-02-07 11:37:24"
"헤도니스","제가 쏘카로 볼트ev 렌트해서 타다가...................중고로 들였습니다. ㅋㅋㅋㅋㅋㅋㅋㅋㅋㅋㅋ","17892637","2023-02-06 22:24:04",""
"BLMN","저도 i3, 코나 일렉을 제주도서 타보고 전기차로 굳혔죠 ㅎㅎ","17892637","2023-02-06 22:25:04",""
"SweetBeen","이제 가격을 보시면..좀 차분해지지 않을까요? ㅎㅎ","17892637","2023-02-06 22:25:59",""
"ⓝporori","몇년 전 부모님 장거리를 가는데 볼트 예약했다가 충전 스트레스를 받았던 안좋은 기억이 있습니다 ㅠㅠㅠ
겨울철 충전속도가 정말 느리더라구요","17892637","2023-02-06 22:27:54",""
"Everholic","제주도에서 구오닉 타 보고 구오닉 샀었죠. ㅎㅎ","17892637","2023-02-06 22:39:08",""
"A1586","저는 쏘카쓸때 아이오닉5만 렌트합니다 일단 주행요금이 저렴해서 결과적으로 더 싸고 1년에 7만원 현금페이백도 저탄소 무슨 가입하면 줘서.. ㅋㅋ 어쩌다가 엔진차 빌려서 타면 차 고장났나 왜케 안나가 이럽니다","17892637","2023-02-06 22:44:54",""
"citytour","볼트 차는 너무좋죠...가속이나 주행영역은 정말 차고넘치구요
다만 겨울충전속도가 너무 느려서 비추입니다ㅜ다른 전기차들과 비교해도 훨씬 느립니다","17892637","2023-02-06 22:53:40",""
"Cabrio","볼트 다 좋은데 시트가 너무 얇아서 타기 힘들었었는데 의외네요","17892637","2023-02-06 23:36:14",""
"다시살자","볼트를 10만 타면서 정말 좋았던 기억이 제 입장에선 시트도 그다지 불만은 없었고 승차감도 나름 괜찮은데 충전이 겨울엔 조금 그랬습니다 지금음 모3을 타지만 원페달은 테슬라이지 않을까란 생각은 합니다","17892637","2023-02-07 00:09:59",""
"히페르","제주도가 문제입니다 ㅋㅋㅋ 저도 한번 호기심에 니로 전기차 렌트 후 고민의 고민을 하다 전기차 계약중입니다. 조용한것도 좋고 합류 해야할때 터보렉 따위없이 쭉 밀어주는게 좋더군요.","17892637","2023-02-07 03:23:28",""
"꾸꾸믹스","원페달 위험하다고 그렇게 상욕해대지만
이런 경우도 생기는거죠.. 써보니 난 좋더라 라는 ㅋㅋㅋ

원페달은 제 경험상
볼트보단 테슬라
테슬라 보단 i3가 더 강합니다
볼트가 100이면
110-120 정도의 차이인듯 합니다 ㅎㅎ","17892637","2023-02-07 05:32:25",""
"슈퍼모타드","920세대 충전소8기... 추가 설치 계획 없다고 해서
포기했습니다. 법으로 강제화 하기전부터 설치하자고
주장했었는데 이런저런 문제로 계속 부정적이더라구요
(화재관련 뉴스 계시글을 계속 업로드하심)
이사를 가지않는이상 저는 힘들거 같습니다.","17892637","2023-02-07 07:33:20",""
"ckhoon","저도 쏘카가 문제였죠. 괜히 호기심에 코나EV 한번 탔다가 음? 하고 다시 한번 타보고.. 모델X 오너가 되었습니다.","17892637","2023-02-07 07:38:17","2023-02-07 07:59:10"
"매력댕이","반대로 ㅁ3 하루 타보고 이건 아이다란 생각에 접었죠.","17892637","2023-02-07 07:50:59",""
"솔로맥","볼트EV 좋은 차 입니다. 특히 도심에서...
모델3도 가지고 있지만 도심쪽 운행할 때는 와이프의 볼트EV를 즐겨 몰고다닙니다. 아주 편해요.","17892637","2023-02-07 08:23:04",""
"야하하하","수 년 전에 제주도에서 코나 렌트하고 지금은 테슬라 오너가 되었습니다.
그 때 주식도 같이 샀었으면....
슈퍼차저까지 있으니 명절에 줄 설 일도 없고 좋습니다.","17892637","2023-02-07 08:36:00","2023-02-07 08:36:28"
"숑숑이멍키","전기차는 애초에 좋습니다.. 모삼 오너지만 euv 타는 동생꺼 얻어 타도 좋터라구요. 충전여건과 모든게 부합이 된다면 전기차 혜택도 많코 좋치요.. 그래서 저만 타고 싶어요.","17892637","2023-02-07 08:40:08",""
"탱탱자","17년도에 아이오닉 EV를 타보고 신세계를 경험했지만 주행거리로 인해 구입하지 못했습니다. 그리고 18년도에 쉐보레 볼트를 경험해봤는데 주행거리까지 괜찮고 가속력, 변속충격까지 좋으니 정말 좋더라구요. 하지만 충전 인프라로 인해 구입히지 못했습니다. 그리고 아이오닉5 AWD를 타보고 바로 구입했습니다. 집밥과 회사밥이 있으니 정말 좋더라구요!","17892637","2023-02-07 08:57:57",""
"flaw","볼트에 k7 좌석 이식하는 작업들 꽤 하시더라고요..","17892637","2023-02-07 08:59:36",""
"베르바토프","반대로 모델x타보고 전기차 아직못사겠다 싶었네요","17892637","2023-02-07 09:01:30",""
"머할래","그 편하시다는 원페달 증오하시는 분들도 많아요. ㅎㅎ
테슬라…뭐 별다를까요? 볼트를 안차봐서…오파는 사랑입니다","17892637","2023-02-07 09:17:05",""
"디지","전기차는 집밥이 없거나 장거리 운행시 충전에 대한 스트레스 빼고는 다 장점이죠...","17892637","2023-02-07 09:27:45",""
"더블숏","모3 롱. 테슬라 공홈에 스탁차량 있습니다. 고고고 ㅎ","17892637","2023-02-07 10:11:39",""
"Canyon","1년만 참으시면 선택지가 많아지실 겁니다.....","17892637","2023-02-07 10:17:31",""
"프로미스나인","볼트 원페달모드가 현대기아 아이페달보다 편하고 좋은편이더라구요 ..ㅎ
충전속도만 빼면 가격대비 너무 만족하고있습니다. ㅎㅎ","17892637","2023-02-07 10:33:27",""
"culhong","집밥 없으면 볼트는 비추천 드립니다.
겨울 충전속도 너무 느려요... 최대가 50kw이라.

겨울엔 25kw 넘기기 힘들어요

히트펌프도 없어서
겨울에 쥐약입니다.

하지만 집밥이 있으면 가성비 좋은 기본기 좋은 전기차죠

코나나 니로 처럼 편의장비가 많지는 않지만
기본기는 좋은 차입니다.","17892637","2023-02-07 10:40:40",""
"너구리님","IG lpi 타는데 제주도 가서 처음 타 본 볼트가 정말 쇼크 였지요. 그 뒤에 코나, 아이오닉5 등등 식구들 다 같이 타면서 저희집 다음 1호차는 아이오닉5로 결정 했네요. 볼트가 가격만 좀 더 싸고 구하기 쉽고 세금혜택만 더 있이면( 바라는 것도 많다…) 2호차 경차를 볼트로 타면 딱 좋겠는데 말이지요.","17892637","2023-02-07 11:42:43",""
"캬오NP89W","전 최근에 리콜통지서 하나 받았는데, 제가 안 가니까 아내도 예약을 안 하네요. 아내가 학원 뺑뺑이 돌리는 차라 80%만 맥스로 충전하면서 타고 있는데... 불안해서 리콜 받으려 가려고 시간 빼려니 성질 뻗치네요. 흑흑","17878972","2023-01-31 10:50:03",""
"InMyLify","@캬오캬오님 웬만하면 리콜은 안전을 위해 시간 내시는걸 권해드립니다.
안받는것보다 실제 심적 안정감이 더 크더군요.. ㅎㅎ","17878972","2023-01-31 15:05:00",""
"캬오NP89W","@InMyLify님 개떡같은 차 잘못 사서 제대로 쓰지도 못하고 벌벌 떨며 리콜이나 하려고 휴가 내고 하니까 짜증이 솟구쳐서요","17878972","2023-01-31 15:10:56",""
"그냥바람","요사이 차들은 미등 켜놓고도 차 잠궈버리면 시간 지나면 전력도 차단해주고 그랬던것 같은데 암전류가 있는걸까요.
어디 배선이 문제인지 아니면 제작사의 설계 결함인지.

그나저나 가끔 접촉 불량으로 문제도 일으키던데.


전 한 제작한지 이십년된 경차를 십년전쯤에 지인께 받아서 운영중인데 원격시동과 무슨 보안기능이있는데 이게 생각보다 전기를 많이 소모하더라고요. 언젠가부터 비가오거나 날씨 가추울때는 빠르게 방전되버리거나 키를뽑았는데 차단이 안되어 밧데리를 일이년마다 초기에 갈았었는데 자동차 이동수단이고 장거리갈때가 주로 운용해서 쓰지않을때는 밧데리 -쪽은 분리해놓는데 한달쯤되어도 시동이 걸려서 만족입니다.

다만 근래의 차량들은 옛날처럼 알터네이터가 발전하는 것도아닌것들도 있어서 . 가변 알터네이터가 장착되고 밧데리 센서 IBS가 달려있고 이게 장착할때마다 초기화도 해야하고 정확히 작동하려면 .. .
그냥 듣기로는 제대로 초기화 되지않으면 과거 방식으로 작동된다는 썰을 들은적이 있습니다만 확인해본이없어서요.
보다 정확하게 밧데리 상태를 측정하고 이걸 근거로 발전량을 조절한다면 연비와 수명에도 도움이되는 기술이라고하더군요.

보통 IBS확인은 -쪽에 작은 선하나가 더달려있는 차량은 센서가 장착된 차량일겁니다.

얼핏보기에 해당차량도 그런것같은데 나중에 밧데리 교환하게되시면 IBS 초기화와 관련되 해당 제작사의 방법을 알아두시는것도 좋을것같습니다.","17873920","2023-01-28 15:09:16","2023-01-28 17:03:52"
"돌마루™","@그냥바람님 ibs 초기화는 신경안썼는데... 검색해보니까 시동off 상태를 4시간 유지한다음에 시동을 3~4회 걸었다 껐다 하면 활성화된다고 하네요.

운전할때 몇번 껐다켰다 해야겠습니다. ^^;;","17873920","2023-01-28 15:31:10",""
"[Und3r9r0unD)","구조상 저항으로 인한 발열이 걱정됩니다. 당장은 문제가 없지만, 운행을 계속하다보면 먼지와 기름때로 인해서 화재발생의 위험이 우려됩니다. 별도의 마감처리와 중간중간 예방 정비도 해주시면 좋을 것 같습니다.","17873920","2023-01-28 17:22:01",""
"돌마루™","@[Und3r9r0unD)님 - 단자 측이라서 상대적으로 안전하긴 한데... 잘 확인하겠습니다. ㅎㅎ","17873920","2023-01-28 18:51:26",""
"없다고요우","저는 주변 분들에게 저거 쓰지 말라고 합니다. 주행중 전원 나가면 골치 아파집니다.","17873920","2023-01-28 17:45:21",""
"돌마루™","@없다고요우님 어차피 전원 넣을때마다 본넷을 열어야해서... 자주 확인해줘야죠 ^^;","17873920","2023-01-28 18:50:49",""
"솔로맥","프리텐셔너에 화약이 들어가는지 이번에 알았습니다. 에어백처럼 1회용이더군요.
그런데 볼트EV 리콜대상 차량이 GM에서 고지한 것과 다르네요.
GM에서는 2016.11.09~2020.08.27 제작된 차들이 대상입니다.","17843655","2023-01-12 13:24:45","2023-01-12 13:28:35"
"식물성단백질","달리다가 붙는건 그나마 다행인데
세워놨는데 불나는게 더 심각한듯요...

글고 단건 가지고 뭐가 더 안전하니 하는것도 웃깁니다","17840533","2023-01-10 18:55:05",""
"울프야드","@김수뽕님
세워놨는데 불나는건 전기차만 그런게 아니죠.. 보조배터리 튜닝한 차들도 모두 동일하게 화재의 위험이 있습니다. 그냥 세워났을때 발생한 화재를 방치하면 위험한건 매한가지란거죠. 전기차만 더 위험하니 주차 못하게 해야 한다는 것도 웃긴겁니다.","17840533","2023-01-10 18:58:40","2023-01-10 19:05:28"
"sanyas","@울프야드님 그래도 에너지 총량 차이가 어마어마한데요, 보조배터리 1개가 tnt 1개면 전기차는 1000개쯤 될텐데 같게 보면 안되죠","17840533","2023-01-10 19:43:04",""
"울프야드","@sanyas님
담배불때문에 산불나는건 못보셨나봅니다? 화재 방치의 위험성은 큰불씨던 작은불씨던 결과가 도찐개찐입니다.","17840533","2023-01-10 19:46:16","2023-01-10 19:46:52"
"sanyas","@울프야드님 제 얘기도 그겁니다. 성냥갑 태우는 거랑 장작불 태우는거랑 화력이 같나요, 연소할 물질 자체의 양의 차이가 나는데 어떻게 에너지 총량이 같냐는 겁니다","17840533","2023-01-10 20:04:59","2023-01-10 20:05:20"
"리에르","울프야드님// 결국 다 배터리죠;; 내연차는 가만히 있다고 불날 이유는 적겠지요.
/Vollago","17840533","2023-01-10 20:13:09",""
"셀빅아이","@sanyas님 에너지 총량은 가솔린 기름차가 훨씬 큽니다.
배터리는 오래 타는것일 뿐 입니다.","17840533","2023-01-10 20:30:08",""
"강력모타","@김수뽕님
김수뽕님이 말씀하시는 세워놨는데 불나는 모델 X도 '단건' 인데 그걸로 심각하다 말하는것도 웃기지 않나요.","17840533","2023-01-10 23:12:27","2023-01-10 23:14:18"
"식물성단백질","@강력모타님 테슬라라고 집어 말한적 없습니다만...
주차중에 발화된 사례는 코나전기차나, 중국산 전기버스나 사례가 많지 않나요?","17840533","2023-01-11 03:14:22",""
"showmethemoney","조심스럽지만, 전기차는 구조상 배터리가 바닥에 위치하여 화재시 승객 안전에 취약하다고 봅니다. 내연기관 엔진은 승객기준으로 앞이나 뒤에 위치하여 화재시 상대적으로 조금은 더 안전해보입니다. 불은 위로 올라가니깐요.","17840533","2023-01-10 18:57:36",""
"울프야드","@showmethemoney님
저런 가드레일 충돌시 내연차라면 차체가 많이 찌글어져서 사람이 빠져나오지 못할 수 있습니다. 구조상 배터리가 바닥에 깔려 있어서 사고시 에어백만 잘 터지면 생명을 건지기 쉬운 것도 전기차입니다.","17840533","2023-01-10 18:59:55","2023-01-10 19:05:58"
"seno","테슬라도 빠르게 확산된 화재 사례들 있습니다.
교통사고에서 차량의 파손 방식은 정말 케바케이기 때문에 본문 같은 결론은 많이 섣부릅니다.","17840533","2023-01-10 18:58:46","2023-01-10 18:59:05"
"울프야드","@seno님
빠르게 확산된 사례가 있을 수 있는 것과 원통형 배터리가 아니기 때문에 바로 확산되는 것은 차이가 있다는거죠. 아이오닉 사례는 바로 점화가 되어서 살아있었더라도 구조할 시간이 주어지지도 못했을겁니다.","17840533","2023-01-10 19:00:53","2023-01-10 19:13:53"
"꿀빨","결과상 도찐개찐 맞는데
과정상 사람죽은건 큰거임 세종 테슬라 사람들이 안구해줬으면 타 죽었어요
그리고 지나가던 사람들이 구해주는건 드문 경우입니다
그리고 불이 스멀스멀올라와서 타는거랑
폭발해서 타는거랑 같을 순 없어요
폰 배터리가 불이 천천히 올라오나요 갑자기 펑 터지나요","17840533","2023-01-10 19:01:48","2023-01-10 19:04:44"
"울프야드","@꿀빨님
같은 상황에 저렇게 가드레일을 내연차가 들이받았을때 더 안전하다고 할 수 있을까요? 결과상 도찐개찐이라면 내연차도 마찬가지란겁니다. 오히려 충돌시 이번에 구조된 것처럼 배터리로 인해 차체가 찌그러지지 않아서 살아날 확률이 더 높습니다.","17840533","2023-01-10 19:04:31","2023-01-10 19:05:05"
"꿀빨","@울프야드님 물리적 첫 충격은 같겠죠 그뒤가 문제 아닐까요?
그리고 배터리가 찌그러지면 터져요;","17840533","2023-01-10 19:07:00","2023-01-10 19:07:41"
"x0123202","@울프야드님 배터리가 찌그러지면요?
끝나는겁니다","17840533","2023-01-10 19:08:12",""
"울프야드","@꿀빨님
네 물리적 첫 충격은 같고, 점화가 바로 일어나지 않았다는게 큰 차이라는 거고 그게 안전을 좌우하고 주변피해를 최소화 할 수 있다는 걸 말하는 겁니다. 배터리가 점화된 이후를 말하는게 아니라 점화되기 까지의 과정을 말하는거죠.","17840533","2023-01-10 19:08:29",""
"꿀빨","@울프야드님 아이오닉이랑 테슬라 사고가 가드레일을 받은게 공통점만 있을뿐
사고각도나 상황이 완전히 다를텐데 가드레일 하나 같다고 같은 사고로 생각하시나요?","17840533","2023-01-10 19:15:08",""
"셀빅아이","@꿀빨님 보배드림에서 내연차가 가드레일 박고, 사람들이 꺼내자 마자 바보 불타오른것도 있었습니다.","17840533","2023-01-10 20:31:21",""
"강력모타","@꿀빨님
테슬라 배터리는 원통형을 씁니다.
블박 보셨겠지만 큰 충격으로 떨어져나갈 배터리들은 떨어져 나갑니다.
그리고 각 배터리 사이에는 어떠한 물질로 덮혀 있습니다.
어떤 성분인지는 모르겠지만 각각 배터리 셀을 분리 시켜놓은거죠.
설마하니 테슬라가 배터리 개발한지 10년차고 배터리도 직접만드는데 열폭주 가속화 하는 물질을 넣어놨을까요.

그리고 원통 배터리들이 가지는 에너지 량은 작습니다.(파우치형의 배터리 1개의 셀보다 훨씬 작습니다.)
예를 들어 배터리 앞쪽에 100개가 한꺼번에 배터리 열폭주가 일어나도 뒤쪽 배터리까지 까지 올려면 열 전달이 몇 초반에 확번질까요?
원통 각각의 에너지 량도 작을 뿐더러 다음 불태워야 할 알루미늄 달구고, 중간 격벽처럼 있는 물질까지 지나서 말이죠.

아이오닉5 배터리 분해해보니 익숙한 파우치 모양의 배터리 다발이 보이네요.

저도 배터리 전문가는 아니지만 저 파우치 셀이 얼마나 충격에 강할까요.. 원통형 만큼은 충격에 강할까요?
똑같이 사고가 나고 똑같이 불이 났다 쳐도 어떤게 더 천천히 불이 확산 될까요?

이미지 첨부 합니다. 아이오닉5 배터리 셀과 테슬라 모델3 배터리셀입니다.
출처 :
/","17840533","2023-01-11 00:04:07",""
"울프야드","@고재혁님
충돌로 운전자가 사망하지 않았더라도 바로 점화되었는데 구조할 수 있었을까요?","17840533","2023-01-10 19:07:25",""
"울프야드","@고재혁님
원통형 배터리가 아닌 배터리는 구조상 원통형 배터리처럼 순차적으로 점화가 되는게 아니라 충격받으면 바로 점화가 됩니다. 지금은 삭제되서 찾기 어렵겠지만 사고 영상을 찾으실 수 있다면 바로 확인하실 수 있을 겁니다.","17840533","2023-01-10 19:09:37","2023-01-10 19:27:20"
"x0123202","현시점에서 전기차가 내연기관차보다 화재가 더 많이 발생한다고 확증할 만한 근거는 없지만 일단 화재가 발생할 경우의 치명률과 위험성은 내연기관차보다 더 높다고 결론을 내릴 수 있죠. 리튬이온 배터리의 특성에서 기인하는 문제이므로 리튬이온 배터리를 완전히 대체할만한 기술이 개발되어야만 이 문제가 해결될 수 있을 것입니다","17840533","2023-01-10 19:05:14",""
"울프야드","@스리라차님
일단 사고가 난다면 치명적이다 라는 부분은 부정할 생각은 없습니다. 전기모터의 성능이 과도하게 좋아서 생길 위험은 치명적이죠. 근데 이건 슈퍼카들도 마찬가지란 겁니다. 더 안전한 차세대 배터리 개발은 물론 필요합니다. 이미 인산철 배터리라던지 중국 전기차량에는 도입이 되었죠.","17840533","2023-01-10 19:11:56","2023-01-10 19:28:19"
"rhkd6333","믿음이 강하시네요. ㅋㅋ","17840533","2023-01-10 19:07:31",""
"울프야드","@윈마님
믿음이 강하다기 보다는 구조적으로 더 안전하다는 걸 알리고 싶은겁니다. 내연차든 전기차든 아무리 안전해도 사고나면 살아날 확률이 높을 뿐이지 죽을 확률도 있는건 도찐개찐 맞습니다.","17840533","2023-01-10 19:10:34",""
"제이디피","원통형 배터리는 충격에는 상대적으로 강하지만 BMS 문제가 생길 가능성이 높습니다. 파우치형은 충격에는 원통형보단 약하지만 BMS 문제가 생길 가능성은 더 낮고요. 저도 전기차 타지만 전기차가 충격 후 화재 위험성이 내연차보다 높다는건 부정할 수 없어요. 작은사고는 괜찮지만 큰 사고에서는 위험성이 더 높습니다.","17840533","2023-01-10 19:07:32",""
"clsrn413","@제이디피님 주차중 화재 vs 주행중 화재.. 어렵네요..ㅎ","17840533","2023-01-10 19:29:00",""
"울프야드","@제이디피님
큰사고라면 배터리에 불이 붙던 안붙던 살아날 확률이 얼마나 될지 모르겠습니다. BMS문제가 생길 가능성이 더 높다라는건 SW적인 문제이고 이 문제는 경고로 미리 알려지고 충분한 경고후에도 냉각수가 끓는 징조가 있으며 그 징조 후에도 바로 점화가 되지 않고 몇차례 폭발 및 점화가 진행되면서 수시간 뒤에 발화가 되는 상세한 과정이 전달되면 좋겠습니다. 근데 지금은 뭐 그냥 불났다.. 달리다 바로 불나서 사고나면 죽겠다 이런식이니 문제 아닐까 합니다. 결국 테슬라에서는 정비소 화재건은 충분히 대피할 시간과 미리 소방차등에 연락할 시간까지 충분히 주어졌으며, 이번 충돌 사고에서는 생을 구할 시간이 주어졌다는게 중요한 차이이고, 이로 인해 인명피해화 주변피해를 최소화 할 수 있다는 큰 차이가 있다는 점을 말씀드리고 싶습니다.

발화가 나고 화재를 방치하면 전기차이든 아니든 큰 화재로 이어지는데 불난 결과만 보고 도찐개찐이다로 결론짓는게 답답해서 써본글입니다. 꺼진불도 다시보자라는 말이 있듯이 큰 화재는 결국 작은 화재를 방치해서 발생하는 거라는 걸 말씀드리고 싶습니다. 즉, 화재를 방치하는게 주변피해로 이어지는 큰 화재가 되는 것이고, 그 화재를 방치하는 시간을 최소화 하기 위한 준비시간이 주어지는게 훨씬 중요하다는 걸 말씀드리고 싶은겁니다.)","17840533","2023-01-10 19:31:49","2023-01-10 19:37:14"
"제이디피","@배꼽잡아님 아니예요 18650 7000개 배터리를 연결한 양의 배터리를 400개정도면 연결하는 파우치 형이 bms 에 더 유리합니다. 셀 자체의 수를 줄이는게 전압 리밸런싱에 좋습니다. 그래서 테슬라도 4680 배터리를 개발해서 셀 수를 줄이려고 하는거예요.","17840533","2023-01-10 20:12:08","2023-01-10 20:13:18"
"제이디피","@울프야드님 충격에 원통형이 강한건 사실이기 때문에 같은 충격량 시에 도찐 개찐은 아닙니다.","17840533","2023-01-10 20:15:35",""
"제이디피","@배꼽잡아님 https://naver.me/54kxubNd 관련된 내용이 꽤 많아요. 테슬라는 이를 자체적인 시스템으로 극복하려고 한거고요.","17840533","2023-01-10 23:30:35","2023-01-10 23:30:44"
"토끼토스트","배꼽잡아님// 구조상 당연히 크게 차이날수밖에 없는데 bms차이가 있을수없다뇨... 지금 배터리 뻗는것도 셀관리가 제대로 안되서 그렇다는게 의심사유중 하난걸요..
/Vollago","17840533","2023-01-11 01:10:13",""
"Saki_Vashutal","@배꼽잡아님 더 많은셀일때 배터리 매니징 컨트롤하는게 어려운건 당연한거고요.. 그래서 단일셀로 가고는싶은데 위험성이 증가하는 단점도 있는겁니다.배터리 매니징이 잘안되면 역시 폭발위험성도 증가합니다.","17840533","2023-01-11 08:13:51",""
"Saki_Vashutal","@배꼽잡아님 제가 둘다 개발하고 테스트 했었습니다. L사에서요","17840533","2023-01-11 18:42:59",""
"Saki_Vashutal","@배꼽잡아님 저는 단순 갯수에 대해서 말하느겁니다. 100개의 18650이들어있는 팩의 배터리 매니징과 동일 커패시티의 1개의 파우치형이 배터리 매니징과 같다고 보시는 건가요?
논점이 다르신거같아요.","17840533","2023-01-11 18:58:20",""
"멋진상우","@Saki_Vashutal님 그럼 셀형 배터리 모듈은 관리를 팩단위로 하는 건가요?","17840533","2023-01-11 19:08:17",""
"Saki_Vashutal","@멋진상우님 18650 이라면 팩안에 있는 각 셀 모두 매니징을해야합니다. 충방전시 각 셀당 밸런싱을 해야하기때문에 모든 셀 매니징이 되어야 합니다. 100개의 셀이 병렬 연결되어있는데 셀이 모두 동일 전압을 가져야하는데 그게 뒤틀리기시작하면 문제가 발생하죠 그걸막아주는게 배런싱입니다.","17840533","2023-01-11 20:19:33",""
"멋진상우","@Saki_Vashutal님
네 그게 당연하다고 생각이 들구요.
따라서 테슬라는 원통 각각을 다 매니징 해야 한다고 보는데요.
파우치형의 경우에는 파우치 단위로 매니징 하나요? 파우치들의 집합으로 매니징을 하나요?
결과적으로 매니징해야 하는 ""것""들이 어느 구조가 더 많은걸까요?
파우치형은 파우치 단위로는 못할것 같고 그것들의 집합으로 매니징을 할것 같고
그로 인해 파우치형이 매니징해야 하는 것들의 개수가 더 작기 때문에 유리한점도 있다는 생각이 들어서요.","17840533","2023-01-11 20:26:10",""
"따라란!","https://www.clien.net/service/board/cm_car/17835747?c=true#140196949
CLIEN


테슬라가 아주 소중한 분 같습니다. 저는 말을 아끼겠습니다...","17840533","2023-01-10 19:09:49",""
"x0123202","@따라란!님 대주주시네요","17840533","2023-01-10 19:11:00",""
"울프야드","@따라란!님
저 댓글의 내용을 보충 설명하는 글을 작성한걸로 보시면 되겠네요. 테슬라가 소중하다는게 아니라 저도 전기차 내연차 두 보유중이지만, 화재 경위나 원인이 잘못 알려지고 있는게 안타까워서 작성해본겁니다; 기레기들의 자극적인 보도내용으로 인해 일반인들이 잘못 이해해서 오해한 내용으로 알려지면서, 무조건 위험한 차다라는 공포분위기 조성해서 테슬라 차주들이 따가운 눈총을 받아야 하는게 문제로 보인다는 겁니다.","17840533","2023-01-10 19:20:21","2023-01-10 20:23:19"
"모밀 짬봉","@따라란!님 그럼 이런 뎃글도 달지 마시지 그랬어요 ㅎㅎ","17840533","2023-01-10 21:42:59",""
"아마티","구조하신 분 글에 답이 있다고 봅니다... ""다들 운전 조심하시고 전기차는 더 조심하세요"" 끝 땅땅땅.","17840533","2023-01-10 19:11:10",""
"Kitsune","왜 전기차 화재얘기만 나오면 가만히 있는 내연차를 가져와서 얘기하는지 모르겠네요","17840533","2023-01-10 19:12:14","2023-01-10 19:12:33"
"prios","@Kitsune님 전기차 불만 나면 내연차랑 비교하면서 머리끄댕이 잡아올리는 분들도 분명히 있거든요.","17840533","2023-01-10 19:14:04",""
"투자의신","중요한걸 간과하시네요.

내연기관과 전기차와의 차이는 화재시 안전하게 탈출할 시간이 있냐 없냐의 차이죠.

화재시 내연기관은 적어도 배터리차보다 탈출시간은 더 벌어주지요.

물리적으로 배터리달린 차체 발화하는 것과 차체만 발화하는게 같을리가 있나요.","17840533","2023-01-10 19:13:56","2023-01-10 19:14:57"
"울프야드","@투자의신님
원통형 배터리라면 그 탈출 시간이 전기차에도 주어진다는게 핵심이라는 겁니다...","17840533","2023-01-10 19:16:34","2023-01-10 19:16:54"
"투자의신","@울프야드님 백번 양보해서 내연기관과 님이말하는 원통형달린 전기차의 발화시간이 똑같다고 칩시다.
문짝 손잡이는 어쩔겁니까.","17840533","2023-01-10 19:20:02","2023-01-10 19:22:27"
"울프야드","@투자의신님
문짝손잡이는 차주나 승객이 익숙하지 않아서 생긴 문제이고, 차량 탑승시 충분히 숙지하고 타야한다고 생각합니다. 긴급상황에서 여는 방법은 존재하지만 모르고 타는 차주분들이 많다는건 알고 있고 문제라고 생각하고 있습니다.","17840533","2023-01-10 19:23:42",""
"투자의신","@울프야드님 손님이나 어르신 뒤에 모실때도 교육부터 일단 시켜드리고 모셔야하나요?
카시트 타고있는 애기들은 교육을 어떻게 시키죠?","17840533","2023-01-10 19:29:54","2023-01-10 19:32:21"
"울프야드","@투자의신님
비싼 외제차나 슈퍼카들도 문 어떻게 여는지 모르는 분 많습니다. 전기차만의 문제가 아닌데 억지로 이것저것 끌어내려고 하지 말아주세요;; 차주라면 본인차에 대해서 잘 숙지하고 타는게 중요하다고 생각합니다.","17840533","2023-01-10 19:41:02",""
"투자의신","@울프야드님 별것도 아닌걸로 제가 어거지를 부린다는 말씀이시죠? 제가 민감한걸로 합시다 그럼.
헛웃음만 나네요. 슈퍼카는 또 뭐고 ㅎㅎ 테슬라 많이 타세요. 전 피곤하고 불안해서 못타요.","17840533","2023-01-10 19:50:06","2023-01-10 19:56:27"
"울프야드","@투자의신님
근데요.. 주행중에 차문은 모두 잠기는데... 밖에서 열때 손잡이가 함몰되었던 아니던 그게 상관있나요? 안에는 테슬라도 비상시 이용할 수 있는 수동손잡이가 있습니다.","17840533","2023-01-10 20:00:03",""
"투자의신","@울프야드님 네네 알겠습니다 그만할께요. 괜히 건드려서 죄송합니다.","17840533","2023-01-10 20:01:38",""
"토끼토스트","울프야드님// 저도 테슬라 타지만... 좀 억지이신것같네요... 테슬라는 슈퍼카가 아닌 일반 대중브랜고 패밀리카 목적이 더 강하죠.. 대부분의 차량들은 도어가 기계식인 경우가 많습니다 테슬라는 외캐치도 전자식이구요
/Vollago","17840533","2023-01-11 01:13:56",""
"울프야드","@Borjas님
테슬라의 경우 구조할 시간이 주어졌다는걸 말씀드리는 겁니다. 화재는 작은 불씨에서 산불도 되니; 화재로 점화가 된 이후 방치하면 결국 모두 도찐 개찐이라는 것이구요;;","17840533","2023-01-10 19:18:05","2023-01-10 19:18:58"
"kkahn","@Borjas님 네 그냥 그말 듣고싶으신건데 다들 너무 정성껏 대응해주시는 듯 합니다.","17840533","2023-01-10 21:04:50",""
"울프야드","@Borjas님
아무런 준비가 안된 상황에서 발생한 화재진압에 포커스가 맞춰져 계신데... 지난번 테슬라성수센터 화재사건의 경우를 예로들면, 시간이 주어져서 소방소에 신고할 수 있었고, 초기진압은 20분만에 완료될 수 있습니다. (실제로 걸린 시간입니다.) 테슬라는 화재 발생전 BMS로 충분히 경고를 지속적으로 해주었고, 운행불가 상태가 된뒤에도 몇시간이 지나서야 점화되어 발화 되었다는 점 다시 말씀드립니다. 사고나 충격으로 발생한 화재가 아닌 다른 차들의 급작스러운 화재와 비교가 가능하지 않을까요?","17840533","2023-01-10 21:42:12","2023-01-10 21:43:28"
"prios","가끔 백마디 말보다 영상이 도움될때가 있죠. 22초부터 보시면 됩니다.","17840533","2023-01-10 19:23:17","2023-01-10 19:24:02"
"prios","https://cafe.naver.com/noljatravel/582479?art=ZXh0ZXJuYWwtc2VydmljZS1uYXZlci1zZWFyY2gtY2FmZS1wcg.eyJhbGciOiJIUzI1NiIsInR5cCI6IkpXVCJ9.eyJjYWZlVHlwZSI6IkNBRkVfVVJMIiwiY2FmZVVybCI6Im5vbGphdHJhdmVsIiwiYXJ0aWNsZUlkIjo1ODI0NzksImlzc3VlZEF0IjoxNjczMzI4NDEzNDczfQ.SfwHcuP_Cn1uVneqVEQStto5w4vEXgHcMfjG7iGTvs0

어제 있있던 모델Y. 20초부터 보시면 됩니다.
아주 자세히 보이지는 않지만 죽어도 할말없는 충격량 같습니다.


근데 글쓴분 진짜 주식 많이 사셨나요?
저도 테슬라타는데 안무섭진 않거등요~","17840533","2023-01-10 19:23:43","2023-01-10 19:25:31"
"울프야드","@prios님
본문과 대댓글로 제 생각은 충분히 전달드렸고 저도 할만큼 했다고 생각하니 계속 반응을 남기진 않겠습니다. 각자의 생각에 따라서 판단하시면 되겠습니다.","17840533","2023-01-10 19:25:13","2023-01-10 19:37:46"
"prios","@울프야드님 ㅋㅋ 진정하세요. 원래 댓글로 얻어맞으면 어지러워요. 제가 올린 영상 잘 보시고요..","17840533","2023-01-10 19:26:35",""
"울프야드","@prios님 @_@ 저정도 충격인데도 안죽고 살아날 수 있다는 점에는 아무도 주목하지 않는 것 같고 오직 화재와 불끄기 어렵다 이부분에만 포커스가 맞춰져서 공포분위기로 몰아만 가는 것 같네요;;","17840533","2023-01-10 19:37:54","2023-01-10 19:43:36"
"graycode","물론 케바케이고 똑같지는 않겠습니다만 ..
비슷한 조건의 직전 두 건의 전기차 사망 사고와 비교하면 불이 번지는 타이밍이 확실히 지연된 건 있는 것 같습니다.
그래서 발목 골절로 자력 탈출 불가 상태였음에도 구출될 수 있었겠죠.

국내 최초의 테술라 자연 발화인 성수센터 모델X 화재도 ..
오류 알림 및 주행 불가로 몇사간 동안 대비할 시간을 줬다는 점이 주목됩니다.","17840533","2023-01-10 19:33:09",""
"멋진상우","내가 구입한 물건이 물론 좋죠. 사랑스럽고요.
그런데 과하게 물아일체 하지 마세요.
그런다고 뭐가 남나요.

원통형 배터리가 화재 발생시 구조시간을 더 확보 할수 있고, 결과적으로 더 안전할수 있다고 줄창 말씀하시는데 주장의 근거를 보여주세요. 다른 회원더러 찾아 보라고 하지 마시구요. 주장을 하려면 근거가 있어야죠. 널린게 근거니 다른 회원더러 찾아 보라는 것은 토론의 방식이 아닙니다.","17840533","2023-01-10 19:37:46","2023-01-10 19:45:07"
"멋진상우","저도 전기차를 가지고 있고, 운용중이기에 전기차가 무조건 화재에 위험하다는 주장에 선뜻 동의할수 없지만 어쨌든 불이 붙으면 내연기관차보다 위헌한건 맞기에 조심하려고 노력중입니다. 사고시에 취약한것도 맞는것 같고요.

함몰식 도어 핸들이 더 위험하다거나, 전기차는 사고나면 무조건 불 붙는다거나, 전기 나가면 안쪽이나 바깥에서 문을 못연다거나 하는 근거 없는 음해성 발언도 무척 기분나쁘죠.
하지만 님처럼 맹목적인 쉴드는 못치겠습니다.","17840533","2023-01-10 19:44:39","2023-01-10 19:53:50"
"멋진상우","예전에 구 말리부 2.0과 크루즈5 디젤 2.0 몰때 한창 자동차 커뮤니티에 쉐슬람이라는 단어가 유행했는데요. 그게 다 과한 물아일체때문에 발생한 사회현상입니다. 뭐든지 과한건 좋지 않습니다.","17840533","2023-01-10 19:51:13",""
"아노군","@멋진상우님 사실 원통형이랑 파우치형이랑 단순 비교한다면 꽤 많은 논문들에도 파우치형이 상대적으로 취약하다고 나옵니다...

https://oak.jejunu.ac.kr/bitstream/2020.oak/24049/2/%EC%A0%84%EA%B8%B0%EC%9E%90%EB%8F%99%EC%B0%A8%EC%9A%A9%20%EC%9B%90%ED%86%B5%ED%98%95%20%EB%A6%AC%ED%8A%AC%EC%9D%B4%EC%98%A8%20%EB%B0%B0%ED%84%B0%EB%A6%AC%EC%9D%98%20%EC%97%B4%ED%8F%AD%EC%A3%BC%EC%97%90%20%EB%8C%80%ED%95%9C%20%EC%88%98%EC%B9%98%ED%95%B4%EC%84%9D%EC%A0%81%20%EC%97%B0%EA%B5%AC.pdf

몇가지만 검색해봐도 나오는 내용이긴하구요.

원통형이 셀간 간격때문에 밀도도 낮고 불리한점이있지만 테슬라 배터리팩 분해내용 보면 그 빈공간에 냉각과 셀간의 지연발화를 위해 방염폼으로 가득채워둔것도 보실 수 있습니다.




이런걸 바탕으로 상대적으로 안전하지 않을까? 하시는거 같습니다.

단적으로 최근 발화사건들을 보면 화재 시작과 동시에 손도 못쓰는건과 그래도 누군가 구해준건 으로 나눠지기도 하구요.


혹시 테슬람이시냐고 하면 모Y랑 GV60 둘다 가지고 있습니다. GV60계속 타보고 잇는데 괜찬네요~","17840533","2023-01-10 20:08:24","2023-01-10 20:08:48"
"멋진상우","@아노군님 이런 자료 좋네요. 적어도 이런 노력이라도 해달라는 겁니다.
저는 요즘 K9을 주로 타긴 하지만 말리부, 크루즈5, 볼트EV 여전히 볼트를 보유하고 있기에 부끄러운 쉐슬람입니다. ㅎㅎ","17840533","2023-01-10 20:10:00",""
"아노군","@멋진상우님 어짜치 테슬라도 많은 셀이 짓눌려서 터지면 셀하나하나가 총알이되서;;

각 사람들의 분석 기반 짐작이죠

누가 실험을 해서 리포트를 만들어주지 않는 이상 모르겠네요.

전 솔찍히 둘다 무섭습니다.","17840533","2023-01-10 20:17:00",""
"124876834512","ㅋㅋ 원통형이 만능이네요.","17840533","2023-01-10 19:54:31",""
"울프야드","@124876834512님
현재 상용화 되어 실제 차량에 적용된 배터리들 중에선 안전하다는 걸 말한겁니다. 만능이라는게 아니라요;","17840533","2023-01-10 20:16:37",""
"아이패드프로","테슬라 오너지만 원통형 쉴드는 참 그렇네요","17840533","2023-01-10 19:59:00",""
"울프야드","@아이패드프로님
원통형 배터리가 공간낭비도 있고 에너지 효율도 부피에 비해 떨어지는 단점도 있다는건 잘 압니다. 쉴드라기보다는 상용화 되어 적용되지 않은 앞으로 나올 차세대 배터리는 일단 논외로 하고, 지금 상용화된 차량에 적용된 배터리 수준에서는 원통형 배터리가 가장 안전하다는 겁니다. 그리고 그런 단점을 상쇄 하기 위해 테슬라 차량의 공차중량과 공기저항계수를 줄여서 제작해서 더 적은용량의 배터리로 더 멀리 갈 수 있게 된것이기도 하구요. (물론 총주행거리를 말하는게 아닙니다. 용량당 주행거리를 말하는 겁니다.)","17840533","2023-01-10 20:14:23",""
"sltx","원통형 배터리가 금속으로 둘러싸여 있으니 배터리 자체만 보면 파우치형보다 더 안전할 수 있겠죠.
하지만 원통형 배터리를 쓴 차가 파우치형 배터리를 쓴 차보다 안전한지는 별개입니다.
파우치형 배터리를 쓴 차량은 배터리 보호 대책이 더 튼튼하게 되어 있을 수 있으니까요.","17840533","2023-01-10 19:59:40",""
"울프야드","@sltx님
이부분에 대해서 말씀드리고 싶은게 있습니다. 원통형 배터리의 장점은 더 튼튼한것과는 별개로 순차적 점화가 된다는 게 중요한겁니다. 어쨌든 둘다 화재가 발생하는 건 맞는데.. 파우치형은 한번에 불타오르기 때문에 화재시 구조할 시간이 주어지지 않는다는 점을 말씀드리려던 겁니다. 아이오닉 충돌사고건은 충돌시 승객이 사망했기도 했지만, 말씀하신대로 더 잘 만들고 대비도 잘한 배터리여서 차체내부도 말짱하고 운전자도 사망하지 않았다고 쳐도. 원통형 배터리처럼 순차적으로 충돌 부위부터 발화되는게 아니라 한번에 불타오르기 때문에 구조할 수 없었을 겁니다.

이번 테슬라 충돌건언 저정도의 엄청난 충격이 있었음에도 승객이 사망하지 않았고, 점화 이후에도 한번에 다 타오르지 않고 순차적으로 화재가 발생하여 구조할 시간이 주어졌으며 결국 생명을 건졌다는 큰 차이가 있습니다. 차의 안전을 고려할때 사고가 났을때 살 수 있는 가능성을 봐야하는게 맞다면, 저정도 충격에 살아남을 수 있는 차가 얼마나 될까요?","17840533","2023-01-10 20:03:14","2023-01-10 20:07:14"
"멋진상우","@울프야드님 한번 따져 봅시다. 파우치형은 왜 한번에 불타오르고 원통형은 왜 순차적으로 점화가 되지요?","17840533","2023-01-10 20:04:40",""
"울프야드","@멋진상우님 집에 있는 건전지여러개 묶음과 동일용량의 샤오미배터리하나를 터트리는 실험을 해보시면 건전지 여러개를 동시에 터트리는게 쉬운지 샤오미 배터리 하나를 터트리는게 쉬운지 아실 수 있을겁니다.","17840533","2023-01-10 20:09:20",""
"아노군","@멋진상우님 파우치는 각안에 패키징이되서 하나의 셀이 터지면 해당 각안쪽의 셀은 확정으로 터집니다.

원통형은 짓눌리면 해당 부위가 모조리 한방에 터지는건 마찬가지이지만 상대적으로 밀도가 낮게 퍼져있어 그나마 지연이 되지 않을까? 하는 기대가 있지요.","17840533","2023-01-10 20:09:57",""
"멋진상우","@울프야드님 왜 원통형 배터리는 수많은 배터리 묶음 중에서 하나만 문제가 생길거라고 가정하시죠?","17840533","2023-01-10 20:17:25",""
"멋진상우","@울프야드님
차의 안전을 고려할때 사고가 났을때 살 수 있는 가능성을 봐야하는게 맞다면, 저정도 충격에 살아남을 수 있는 차가 얼마나 될까요?

이 질문은 왜 하신걸까요? 저 사고 하나로 테슬라는 다른차보다 충돌 안정도에서도 더 안전하다는 주장을 하고 싶으신 건가요? 이 주장도 근거 없기는 마찬가진데요. 적어도 유로엔캡이나 북미충돌안전도 평가 결과로 줄세우기 정도는 해보셔야 하지 않나요? 물론 테슬라 차량들이 저 두 평가 기관 결과가 안전도 평가가 좋은건 맞죠.","17840533","2023-01-10 20:22:28",""
"Enigma24","아 댓글 쭉 보는데 피곤하네요 참..","17840533","2023-01-10 20:18:42","2023-01-10 20:18:54"
"블루텀","진짜 문제는 10년 이상 노후화된 전기차일 것 같아요. 휴대폰 배터리도 노후되면 터질 확률이 높으니까요. 그때 가면 사회적인 골칫거리가 될수도.","17840533","2023-01-10 20:19:57","2023-01-10 20:20:31"
"RAZR-i","@블루텀님 그러고 보니, 전기차 배터리가 시간이 지나 셀에 스웰링 발생하면 어떻게 하련지 궁금하네요","17840533","2023-01-11 00:38:47",""
"힁둥이","테슬라 오너 아니시죠?
현기 전기차, 테슬라 둘다 가지고 있는데 이런생각 절대 나올수가 없거든요?
어그로 잘끄시네요. 성공했습니다.","17840533","2023-01-10 20:22:47",""
"울프야드","@힁둥이님
이런 생각이 뭘 말씀하시는겁니까? 결과적으로 보면 테슬라 차량의 오너는 살아있고, 다른 차량의 오너는 이세상에 존재하지 않습니다.","17840533","2023-01-10 20:28:15",""
"멋진상우","@울프야드님 저 두사고 딱 두개만 비교해서 테슬라가 더 안전하다고 주장하시는 거죠?","17840533","2023-01-10 20:28:43",""
"울프야드","@멋진상우님
네 전 그렇게 생각해왔고, 사고 영상을 보고 더 확고해졌습니다. 저정도 충격량에서 운전자가 살아나올 수 있는 차는 전 잘 모르겠습니다. 위 댓글중에 있는 사고 충돌영상을 시청하고나서 다시 생각해도 저와 다른 생각이시라면 물론 그러실 수 있다고 생각합니다. 저랑 똑같이 생각하라고 강요드리는건 아닙니다. 다만 공포분위기로 몰아가는 시각말고 이런 시각도 존재한다는걸 알리고 싶은거죠.","17840533","2023-01-10 20:29:39","2023-01-10 20:44:10"
"Tide","2열도어 개방 와이어에 미리 붉은 스트랩을 달아두세요.
저는 차를 사고 바로 달고 가족에게 당기는 연습도 시켰습니다.
전원이 있을때는 당겨도 창문이 내려오기 때문에 깨지지 않습니다.
미리 당기고 연습해보셔도 됩니다.","17839090","2023-01-10 07:51:09","2023-01-10 08:43:02"
"밤밤돌이","@Tide님 가끔 그런 생각을 해요. 다른 차종보다 고가로 지불하면서 차를 구매했는데 이렇게까지 고객이 해야 하나? 그런데 고객이 스스로 해주는 원동력은 뭘까 라는 생각.","17839090","2023-01-10 07:55:15",""
"힁둥이","@Tide님 안그래도 그제품 달려고 알아보고 있는데 아이가 어려서 어차피 2열로 넘어가야 하는건 마찬가지라 순식간에 불이 붙는 상황에서 이게 최선인가 싶더라구요.","17839090","2023-01-10 08:00:14",""
"힁둥이","@밤밤돌이님 말도 안되는 상황이죠.회사에서 듣는척을 안하니 스스로 할수 밖에 없으니 자구책을 찾아 공유하는게..","17839090","2023-01-10 08:10:10",""
"아노군","@힁둥이님 어떠한 이유로 1열 문열기가 실패하면 어떻게든 2열로 넘어가서 시도를 해야하는 상황이 생기지 않을까 합니다 ㅠ

스트랩은 닫기지 않고.. 운동화 끈 같은거로 작업해볼까 하네요.

(5분경)
스트랩은 두꺼워서 원래 있던 뚜껑을 못닫는거 같아 이방법으로 해보려 합니다.

나름 이슈가 있던거라 알리에 제품화되지 않았을까해서 찾아봐도 없군요;","17839090","2023-01-10 08:17:33","2023-01-10 08:19:59"
"Tide","@힁둥이님
미리 해두시기를 추천드립니다.
뚜껑이 도구를 써야 열리지 맨손으로는 열기 어렵습니다.","17839090","2023-01-10 08:24:32",""
"Tide","@아노군님
저는 스트랩하고 뚜껑이 문제없이 닫혔습니다.
당기는 힘도 필요하고 손에 잘잡히게 서있어야해서 끈보다는 스트랩을 추천합니다.","17839090","2023-01-10 08:27:00",""
"아노군","@Tide님 저 뚜껑이 안닫힌다고 들었는데 혹시 어떤제품인지 알수 있을까요?","17839090","2023-01-10 08:28:58",""
"Tide","@아노군님
https://a.aliexpress.com/_mNNf5Uf
AliExpress

이런 제품입니다.
저는 굳이 직구했지만 네이버 검색하시면 비슷한 제품이 나옵니다.","17839090","2023-01-10 08:35:44",""
"Tide","@아노군님
이렇게 잘 닫힙니다.","17839090","2023-01-10 08:36:08",""
"Tide","@아노군님
옆에 비상망치도 함께 달아두었습니다.
가족에게 당기고 내리는 연습을 비상망치 사용법을 훈련시켜주세요.","17839090","2023-01-10 08:37:16","2023-01-10 08:42:36"
"아노군","@Tide님 감사합니다!","17839090","2023-01-10 08:38:20",""
"Tide","@밤밤돌이님
구입하는 시기마다 개개인마다 이유가 다르실것 같습니다.
저는 10여년전 일론머스크가 테슬라에 합류하기 전부터 우연히 테슬라를 알고있었습니다.
프리몬트 공장이 문을 열었을때 마침 미국에 있어서 처음나온 모델S를 보기도했고요.
(코가 까만 초기 모델S 디자인은 너무 취향이 아니라 살꺼라는 생각을 못했네요.)

이후 간간히 테슬라의 개발과 배터리 설계 변화 상황을 봐왔습니다.
구입을 결정에 동기 부여한 요소들은...

당시 최고 안전등급을 받았던 것.
NOA가 처음 등장하고 받았던 기술적 충격.
1세대 배터리부터 당시까지 설계 변화를 보고 마음이 당겨,

직접 11건정도의 미국 테슬라 화재의 소방서 리포트와 분석을 찾아보고,
나름 설계된 화염 밴트와 화염채널이 의도대로 작동했다고 보고,
피할수 없는 배터리화재의 위험 속에서 탈출 시간은 벌겠다고 혼자 생각했네요.

그리고 모델S/X의 시행착오를 거친 2세대 플렛폼에 배터리팩인 모델3/Y를 기다렸다 구매했습니다.
나올 초기 예약하고 받아 가격도 최저가였고 지원금도 있어 당시 발표되었던 아이오닉5와 가격차이도 그리 안느껴졌습니다. (콩깍지)

캠핑에 차박취향이라 디자인이 마음에든 아이오닉5도 심각하게 고민했지만,
당시 e-gmp 플랫폼이 새로나온지라 조사할수있는 사례 데이터가 없었고,
연달은 코나의 화재사고가 이어진 직후였던지라 공부해보다 동기부여를 받지 못했었네요.

모델3까지는 조사가 가능했지만 모델Y는 차도 못보고 (인수예정일 나오고 처음 전시차를 봤죠) 받은지라,
조사를 좋아하는 저로서는 좀 이례적인 케이스였고 모델3와 다르지 안다는 분해기들을 보고 결정했네요.

단점은 알고 있었기에 해외에서 알려진대로 바로 스트랩을 달았었습니다.
나중에 차를 바꾼다면 또 후보차들 사례 뒤진다고 한동안 파묻이겠네요.

다른분들은 다 서로 다른 이유와 방법으로 선택을 하시겠지요.
(아 구매시기의 중요한 요소중 하나는 당시 코로나 스트레스가 한몫했습니다.)","17839090","2023-01-10 09:15:30","2023-01-10 09:49:06"
"graycode","@Tide님
모델3은 아예 숨겨져 있어서 달기가 힘듭니다. 지금은 바꼈나 모르겠네요.","17839090","2023-01-10 09:43:51",""
"Tide","@graycode님
아래로 빼서 다는 스위치가 알리에 나온것 같더군요.","17839090","2023-01-10 09:49:48",""
"Tide","@1번남님","17839090","2023-01-10 09:58:54",""
"Tide","@1번남님","17839090","2023-01-10 09:59:07",""
"Tide","@1번남님","17839090","2023-01-10 09:59:28",""
"Tide","@1번남님","17839090","2023-01-10 10:00:13",""
"graycode","@Tide님
이거군요. 감사합니다.","17839090","2023-01-10 10:48:55",""
"퀘스트바이","적어도 실내에는 승객 손이 닫는 곳 그리고 눈에 잘보이는 곳에 수동식(기계식) 개폐 손잡이를 갖추도록 법제화 해야 한다고 생각합니다.","17839090","2023-01-10 07:59:12","2023-01-10 08:00:37"
"제이디피","얼마전 전기차 사서 즐겁게 타고 있는데 이렇게 연달아 화재 발생하니.. 아내가 많이 불안해 하네요. ㅠㅠ 가족용으로는 기존에 타던 그랜저 타고 가자고 하는데 괜히 차 바꿨나 싶기도 해요.","17839090","2023-01-10 08:04:29",""
"힁둥이","@제이디피님 아이오닉은 수동개폐가 그래도 편한곳에 있지 않나요?
외부에서도 수동개폐가 가능하면 더욱 좋겠지만요.","17839090","2023-01-10 08:08:06",""
"제이디피","@힁둥이님 수동개폐 되지만 문제는 사고나서 화재나면 어쩔수 없지 않냐고 그럽니다. 바닥을 부딪힐만한 길을 가거나 그럼 조심해야 한다고 계속 옆에서 말해요 .","17839090","2023-01-10 08:13:10",""
"aladdin","@제이디피님
그나마 사고 후 의식이라도 있다는 가정하에 논의들이라...
기절이라도 하면..ㅠㅠㅠ 무섭네요..ㅠㅠㅠ","17839090","2023-01-10 08:56:25",""
"RYAN_RYU","상당히 큰 문제라 보이네요. 나만 살자면 어찌하겠으나 뒤에 아이가 카시트에 묶여 있는 상황에 밑에서 타오르는 열폭주를 맞으며 안전벨트를 풀어준다는 건 거의 불가능 하다 봅니다. 만일 문이 안열리는 상황이 발생한다면 정말 생각도 하기 싫은 끔찍한 일이 발생할겁니다. 저도 기다리다 2순번이 거의 다 되었으나 심각하게 고민 중입니다.
/Vollago","17839090","2023-01-10 08:26:06",""
"Remains","전기차 좋아하는 분들이 많은 이곳에서도 걱정하는 반응들이 많은 걸 보면 아직은 전기차 시대가 많이 먼 것 같네요.
전기차 시대가 일찍 올 거란 생각도 안 했지만 생각보다 더 오래 걸릴 것 같습니다.
적어도 리튬이온 배터리가 딴 걸로 대체되거나 문제점이 개선되기 전까지는요.","17839090","2023-01-10 08:26:32",""
"striplion","@Remains님 리튬이온 배터리 매장량도 한계가 있고,
그마저도 중국이 많이 독점을 하고 있어서 전기차 시대는 빨리 올것 같지 않습니다.
아마도 안정성이 확보되는 전고체 배터리가 나와야 좀더 활성화 되지않을까","17839090","2023-01-10 08:47:25",""
"힁둥이","@Remains님 다른건 그렇다 쳐도 저 자동개폐의 장점을 도저히 모르겠네요.
외부에서 여는게 편한것도 아니고 내부에서도 캐치를 당기나 버튼을 누르나 큰차이가 있는것도 아니고 단점은 너무나 치명적이고요.","17839090","2023-01-10 08:49:47",""
"체리씨","@힁둥이님 동감합니다.
장점에 비해 단점이 너무 크네요.
하이테크적인 느낌 내려고 저렇게 한다기엔 단점이 너무....","17839090","2023-01-10 10:50:10",""
"barekart","billncoo님// 리튬은 온세상에 넘쳐납니다. 바다요..","17839090","2023-01-10 11:59:37",""
"밤밤돌이","개인적으로는 하이브리드가 대중적으로는 최고의 선택지라고 생각하거든요.","17839090","2023-01-10 08:36:12",""
"havik","저도 같은 이유로 다시 내연기관으로 돌아왔어요.
혼자 출퇴근용으로 탈때는 별로 무서울게 없었는데
가족(특히 자녀) 태울 생각하니.
불꽃이 파바박 튈때 제가 온가족을 골든타임 안에 무사히 구출할 수 있을까라는 두려움이 있더라구요 ㅜ","17839090","2023-01-10 08:45:42",""
"꽃길만걷자!","테슬라 차 보면 만든 사람을 고대로 닮은 느낌입니다. 천재와 광기를 아슬하게 넘나드는...","17839090","2023-01-10 08:46:45",""
"싸이지","신형들은 뚜껑을 조금 더 쉽게 열 수 있게끔 되어있더군요...
https://www.youtube.com/shorts/JM0V2_DbkdY","17839090","2023-01-10 08:57:16",""
"Ghost_K","@싸이지님 안전 관련이라서 구형들도 리콜해줘야할 것 같습니다.","17839090","2023-01-10 12:17:21",""
"토마토","긴급상황에서 생명과 직결되는 사안이니 국토부에서 리콜 명령을 해 줬으면 좋겠네요.

개인들이 저런 걸 사다 달게 아니라요.","17839090","2023-01-10 09:26:54",""
"Everholic","배터리 열폭주 상황에서 운전석 조수석까지는 탈출이 가능하다 생각하는데, 뒷좌석까지 고려하면 불안한 건 사실입니다.","17839090","2023-01-10 09:27:54",""
"카붐","전기차를 떠나서 자동차라는 물건은 확실히 입증된 브랜드, 차를 오랬동안 만들어본 회사 브랜드를 사는게 맞는것같아요.","17839090","2023-01-10 10:34:46",""
"적풍1","@카붐님 경쟁 회사에서 사람을 데려올때 경쟁회사에 쌓인 실패와 노하우까지 몽땅 가져올 순 없을테니까요","17839090","2023-01-10 10:45:49",""
"아마티","@카붐님 요즘엔 오래된 브랜드들도 추세인지 뭔지 매립형 손잡이를 고급형에서 사용하고 있어서... 정말 난감합니다.","17839090","2023-01-10 11:13:54",""
"아마티","격세지감이네요.. 예전엔 테슬라 문 못열면 바보 취급했던거 같은데...
전 예전부터 쭉.. 테슬라 포함모든 매립형 손잡이를 반대합니다. 페일세이프 면에서 이것보다 더 최악은 없다고 단연코 말할 수 있습니다.","17839090","2023-01-10 11:13:17",""
"웨건마니아_록맨10","@아마티님 매니아들이 되려 현실과 실제 시장을 더 모르는 이상 현상이 있을 수 있는데 딱 그런 모양새였죠. 소비자에게 이득은 안되고 회사에만 이득이 되는걸 너무 쉽게 받아들인 결과가 참...","17839090","2023-01-10 11:36:51",""
"푸추","와이프차를 전기차로 생각했었는데.. 어른이야 잽싸게 뛰처나오면 되지만. 애들 두명을 어떻게 탈출시킬지..걱정이네요..
물론 불날 확율보다 교통사고 확율이 더 높긴하지만요.. 괜한걱정인지. 아닌지 모르겠네요..","17839090","2023-01-10 13:05:51",""
"웨건마니아_록맨10","@푸추님 적어도 그런 사고가 발생 시 기름차보다 더 위험하다는 것은 확실하고 일부 차량의 경우 문이 더 위험한 것은 부인할 수 없는 사실이라 봅니다.","17839090","2023-01-10 14:28:08",""
"Degrrr","노약자만의 문제가 아닙니다
10년 쯤 전에 차량이 반파되는 사고를 당해서 5분 가량 기절했었는데
그 때 차가 전기차였다면 .... 생각만해도 끔찍하네요","17839090","2023-01-10 17:10:37",""
"phones","전기차는 시내용 마실용으로 타는게 맞는 것 같습니다.","17839090","2023-01-11 09:15:01",""
"x0123202","코나n은요??","17811507","2022-12-27 16:38:32",""
"브라우니물어","@스리라차님 코나N이 주행 옵션이 완벽하기 때문에 이것도 어필했습니다.
앞코 못 생겼다고 진작에 까였습니다 ㅠㅠ 그래서 리스트에 포함되지 않았습니다.
신형 코나 발표로 디자인 보여주니 이거 사라고 하는데 과연 코나N은 신형 디자인으로 또 나올까요?","17811507","2022-12-27 16:40:27",""
"x0123202","@브라우니물어님
https://www.clien.net/service/board/cm_car/17803443
CLIEN

제 글 참고하세요 코나 n라인은 이렇습니다 n 도 비스무리하게 나올거 같아요","17811507","2022-12-27 16:41:41","2022-12-27 16:41:57"
"브라우니물어","@스리라차님 페리 아N 위장막 차량은 보이는데, 코나N 위장막 소식은 아직 없는 거 같아요.
코나N과 아N 주행 옵션 차등을 둔 게 참 아쉽습니다. (현기 장사 잘 하는거죠)","17811507","2022-12-27 16:46:33",""
"키숑","@브라우니물어님 코엔은 단종 됬습니다","17811507","2022-12-27 17:04:13",""
"브라우니물어","@키숑님 단산 소식 듣고 최근에 지점 연락해서 재고차 여부도 문의했습니다.
현 코난으로 끝난걸로 봐야할까요?","17811507","2022-12-27 17:22:44",""
"포숑","안녕하세요 g70입니다.
유지비용 차이는 없을듯 합니다.
딱히 돈나간건 없는듯한데.. 차값이 좀 문제려나요.. 타다 팔면 보전되는게 있긴 할테지만..

근데 마음에 드는걸 타세요.
아낀 비용이 마음을 달래주진 않습니다","17811507","2022-12-27 16:39:30","2022-12-27 16:43:05"
"브라우니물어","@포숑님 안녕하세요. 아스 DNA를 나름 물려받은 G70 헤드라이트. 언제 봐도 멋집니다.
말씀처럼 G70는 전기형 구형 3.3을 고려했습니다.
좁은 2열 등 다 제쳐두고 팰리 3.8을 운영하고 있어서 합쳐서 V12를 하는 게 맞는걸까? 하는 생각이 들었습니다.
물론 중고 가격이 적정해서 아직 포기하지 않는 차량 중 하나입니다.","17811507","2022-12-27 16:43:42",""
"포숑","@브라우니물어님
3.3 감가가 큰 편이라 중고로 들이기에도 합리적인 선택이 아닐까 싶네요.
스팅어도 괜찮고..
다만 70이라면 2019년식 부터 알아보는게 좋겠어요.
보증도 살아있고 무엇보다 파워트렁크가 얘네부터 들어가서..","17811507","2022-12-27 16:46:26",""
"브라우니물어","@포숑님 옙. 말씀대로 19년식 이후로 생각하고 있습니다.
실버 아스라서 칠공도 세빌실버하고 싶은데 매물이 잘 없네요. 빨, 파라도 좋습니다.
스팅어는 빨강색 중고, 초록 신차인데 스팅어는 한창 관심 높았다가 시들해졌습니다.","17811507","2022-12-27 16:48:18",""
"키숑","I30입니다. 옆그레이드 느낌이 강할듯하네요","17811507","2022-12-27 16:40:31",""
"브라우니물어","@키숑님 제 생각과 같으시군요. 그래서 더 신중히 고민하고 있습니다.
i30 아님 골프인데 이것마저 못 타본다면 제 인생 해치백은 끝날 것 같습니다.","17811507","2022-12-27 16:49:55",""
"NhOne","스팅어 타는 입장에서 중고로 구매하면 감가 심한 스팅어가 좋을 것 같은데요.
해치백 스타일은 아니지만 트렁크 오픈은 해치백에 가깝고
실내도 좁지 않구요.
2.5라서 유지비가 상대적으로 조금 더 지출되긴 할겁니다만...","17811507","2022-12-27 16:43:18",""
"브라우니물어","@NhOne님 안 그래도 트리뷰트 에디션 소식 때문에 이 참에 에스코트 그린 신차 계약까지도 생각해 보았습니다.
중고로는 무조건 빨팅어 생각하고 있습니다.
다행히 2.5T 나오면서 최저 마력이 304마력이라 이 부분도 메리트이더라고요.
요즘 공도에 스팅어가 왜케 많이 보이는지 모르겠습니다. ㅎㅎㅎ
아스 사고 단산됐는데, 스팅어 사게 되면 이것마저 단종되네요.
끝물 차량이 제 운명인가 봅니다.","17811507","2022-12-27 16:52:51",""
"동남아리","중고도 보신다면 G70이나 스팅어는 어떠실까요?","17811507","2022-12-27 16:44:25",""
"브라우니물어","@님 충분히 고려하고 있습니다. 감가가 좋은 모델이라 중고 구매 입장에선 최적의 차량이죠. 그런데 구형 G70 (네비 작은 사이즈가 한 몫 했지만) 이전엔 멋져 보였던 센터페시아가 요즘 다시 보니 너무 구형틱스럽더라고요.
내부만 보면 스팅어가 좀 더 우위입니다.
의견 감사해요.","17811507","2022-12-27 16:55:16",""
"A10썬더볼트","반년 참으셨다가 아반떼N 페리 나오는 시점에 더 떨어진 아반떼N 중고를 집으세요
그게아니라 모든 조건 다 따져봐도 아반떼N을 추천합니다","17811507","2022-12-27 16:46:19",""
"브라우니물어","@A10썬더볼트님 아니 이렇게 누추한 곳에... 의견 남겨주셔서 감사합니다.
유툽 잘 보고 있습니다. 즐거운 카라이프, 안전운전하세요~

안 그래도 아반떼N 케이카로 중고 매물을 자주 보고 있는데 은근 매물이 잘 나오더라고요?
지금 기준에도 가격을 보니 좋고요. 무사고 차량임에도 불구하고 감가가 큰 차량 특성 때문인가 싶습니다.
신차 납기 2-3개월 vs 감가된 중고 즉시출고 가능으로 고민도 해보았습니다.

역으로 아반떼N을 얼마 안 타고 파는 이유가 무얼까? 라는 관점으로도 생각해보고 있습니다.
썬더볼트님께서 생각하시기에는 얼마 안 타고 파는 이유가 무엇 때문이라고 생각하시나요?
(물론 차량 상태도 문제 없겠지요?) 주변에 경기 뛰시는 분들, 차 좋아하시는 분들이 많으실테니 직접 의견을 들어보셨을 거라 생각되어서 여쭙고 싶습니다.

차량 특성상 가혹하게 운행됐겠지만, 저도 아N을 산다면 가혹하게 타볼테니 차량 상태는 감안해서라도
차 좋아하시는 매니아분들께서는 아N을 세컨, 써드카 등 장난감으로 구매했다가 무언가 아쉬워서
N 경험한 것으로 만족하고 다시 본연의 차로 돌아가거나 더 좋은 차로 업글하는 중간 과정의 차량이라 생각해보면
오히려 좋은 장난감을 물려받는 격이니 좋은 기회라고 생각합니다.","17811507","2022-12-27 17:05:55","2022-12-27 17:06:30"
"Zahnarzt","제 생각엔.. 아내분이 독3사 사도 된다고 하실 때 그냥 사세요.","17811507","2022-12-27 16:48:53",""
"브라우니물어","@Zahnarzt님 5-6천까지는 OK해줄게라고 답변은 받았습니다. 그 가격대에선 살 수 있는 차가 제한 되긴 하지만요.
하지만 당장 최근에 제 차, 와이프 차 와이퍼 고무 리필 산다고 동네 가까운 모비스 부품 대리점 가면서 접근성에 다시 한 번 놀라고, 부품 가격 보곤 또 한 번 놀라면서 외제차는 조금만 더 참자라는 생각을 하게 되었습니다.
(에어컨 필터와 고무 리필 등 간단한 정비 품목은 모비스 부품 대리점에 직접 방문하여 정비하고 있었습니다.)","17811507","2022-12-27 17:09:26",""
"Zahnarzt","@브라우니물어님 다른 댓글들도 읽어봤는데 아내분이 팰리세이드를 끄신다고 하면 저 예산에서 1,2,3시리즈중에 하나로 가시면 아주 만족하시면서 타실 것 같습니다.
저는 기변을 실제로 행하지 않더라도 자꾸 만족 못하고 이것저것 기웃거리는 것도 일종의 비용이라 생각합니다. 그리고 아내분이 수입차에 대해 허락을 하신건 애매한 현대차 말고 뱃지 있는거 사서 타보라는 숨은 뜻이 있을 거라서.. 제네시스보단 아예 독3사를 고르시는게 어떤가 해요.","17811507","2022-12-27 21:44:06",""
"브라우니물어","@Zahnarzt님 할인받아 5-6천 내외라면 그래도 3시리즈나 5시리즈 럭셔리까진 커버가 되는 거 같더라고요. 그래서 오늘부터는 허락된 예산에 들어갈만한 독3사 차량의 시승기도 보고 있습니다.
당장 bmw만 봐도 320, 520 럭셔리 트림이 180마력이지만 숫자가 중요한 게 아니고 핸들링, 주행감, 승차감 등의 만족도가 높다는 이야기가 많은 걸 보면 204마력짜리 타던 제가 단순 마력으로는 아쉬울 필요가 없겠구나하는 생각이 드네요.
막줄 말씀처럼 와이프가 저 생각해서 한 말이라면 얼른 기회를 붙잡아야겠습니다. ㅎㅎ","17811507","2022-12-28 15:58:02",""
"퍼니스타","N타고 있지만 저는 굳이 아스에서 아N을 또 가야하나 생각이 듭니다.
I30엔라인 타시다가 후속 N모델로 넘어가시든지, 벤비아 타시든지 하면 좋을 것 같아요.","17811507","2022-12-27 16:56:41",""
"브라우니물어","@퍼니스타님 어?!... 제 머릿속을 언제 왔다 가셨어요? (엔라인 타다 후속N 기변) 다양한 의견이 나오니 감사할 따름입니다. 충분히 고민을 해보겠습니다.
아반떼에서 또 아반떼라 그럴까요? 아스도 충분히 좋은 스펙이라 운전의 재미가 있어서 이실까요?","17811507","2022-12-27 17:10:52","2022-12-27 17:17:52"
"SprintSonic","아반떼N으로 가시고 후면 레터링을 엘란트라로 바꾸시면!","17811507","2022-12-27 17:04:29",""
"브라우니물어","@님 그렇다면 외제차가 되는거군요?! ㅎㅎㅎㅎㅎ
요즘 오죽하면 외국 유툽 의견을 듣고 싶어서 Elantra N, Elantra sport 까지 찾아보고 있습니다.
검색 결과에 i30N도 같이 딸려나와서 i30을 잊을래야 잊을 수가 없습니다. ㅎㅎ
구아스는 외국에서도 아직 잘 타고 다니네요. 튜닝, 배기, 주행 영상이 많습니다. 튜닝빨 너무 잘 받더라고요.
순정 좋아하는 사람으로서 정 안 되면 준비엘 배기만 하고 탈까도 생각했습니다.","17811507","2022-12-27 17:12:45","2022-12-27 17:13:31"
"SprintSonic","@브라우니물어님 그래도 확실히 아스와 아N은 다르긴 다릅니다.
잘나가고 전세대 아반떼보다 뒷좌석 넓고...
저는 벨엔타는데 뒷좌석 활용성때문에 아엔으로 가고 싶네요ㅠ","17811507","2022-12-27 18:40:58",""
"브라우니물어","@님 cn7 새로운 플랫폼으로 가면서 2열이 넓어졌다는 평을 보았습니다. 지금차도 2열 가끔 타면 좁다는 생각은 없는데, 얼마나 더 넓어진건지 궁금하네요.
저는 오히려 가성비로 벨앤 수동이나, DCT 중고를 사고 싶었습니다. (이 참에 수동 찬스도 노렸...)
나름 N브랜드의 첫 차인만큼 상징성도 있고요. 엔진에 몰빵한 차량이라 내부 품질이 떨어진다고 하던데 그런거 다 제외하더라도 와이프가 절대 반대를 외쳐서 벨앤으로의 접근이 쉽지 않습니다.
확실히 3도어 때문에라도 운전석 뒤쪽으로 짐 넣을 수 없는 건 아쉬운 부분이긴 하네요.","17811507","2022-12-28 16:01:03",""
"economics","고려하신 차들은 다 오래타면 질리실거라 제일 싼거 사시면 됩니다. 아반뗀 신차는 도시락 싸들고가서 말리고 싶을 정도네요. 저라면 닥신 메타로 320이나 520 가겠습니다","17811507","2022-12-27 17:04:52",""
"브라우니물어","@economics님 320, 330, 520, 530 한 때 제 검색이력이었습니다. ㅎㅎㅎ
연 3만키로 남짓 타게 되면서 디젤 모델도 찾아보았죠. (520d, 골프 등)
아무래도 주행거리가 많다 보니 보증이 금방 도래하는 문제로 주행 패턴이 크게 바뀌지 않는 이상 중고차로 퐁당퐁당 바꾸는 걸로 생각을 바꿨습니다.
아N 말리고 싶으시다는 의견도 저에겐 좋은 의견입니다. 감가가 큰 것도 고려요소이신거죠?","17811507","2022-12-27 17:15:46","2022-12-27 17:16:43"
"economics","@브라우니물어님 네 맞습니다. 차는 나무랄데 없이 좋습니다만 감가 생각하면 매니아틱한 신차 구매는 아무래도 좀 ㅠ","17811507","2022-12-27 20:48:34",""
"브라우니물어","@economics님 의견 감사드립니다. 엔라인, 아엔 중고, 320, 330, 520 (530까지는 무리일 듯 하고) 중고도 고려해보겠습니다.
BMW 라인업으로는 20보다 이왕이면 30i로 가고 싶습니다. ㅎㅎ 40i는 너무 비싸더군요","17811507","2022-12-28 16:02:55",""
"리릿","타 브랜드 추천합니다. 경제적인 문제로 못간다면 모를까.. 갈 수 있다면 가세요.
골프GTI, M235xi. A35amg. 모두 좋은 차들입니다.

탈 브랜드는 많고, 인생은 짧습니다. 같은 브랜드. 그것도 비슷한 모델을.. 굳이 왜... 가세요.","17811507","2022-12-27 17:05:17","2022-12-27 17:06:35"
"브라우니물어","@리릿님 막줄 공감 100개 남겨드리고 싶습니다. 4-6천 사이 고성능 버전 차량들도 다시 고민해봐야겠네요.
스마트폰은 항상? 젤 좋은 걸 쓰고 있지만 차량만큼은 소소하게 하나씩 업그레이드 하고 싶은 마음이 있었습니다.
그래서 옆글이라 생각될 차량도 고민을 하게 된 거고요. 좀 더 신중하게 생각해봐야겠습니다. 감사합니다.","17811507","2022-12-27 17:19:30","2022-12-27 17:21:04"
"방송부서","제가 초창기 G70을 구입할때 가까운 지인이 아방스 2018 신차를 지르게 되어 운전도 해보고 타보곤 했는데 둘을 비교해보면 G70은 아방스같은 경쾌함에 온화하고 부드러움이 가미되면서 안정적인 초고속 주행이나 안정적인 고속 핸들링이 많이 플러스가 된 차량같다는 생각이 드는데 운전대를 잡으면 좋아 하실것 같습니다.

비록 토크컨버트 8단 미션이나 2단부터 락업 클러치를 거칠게 물기에 허당끼 없는 가속능력에 감탄이 나오고 널널한 엔진룸에 대형 오토미션의 튼튼하고 듬직함까지 있어 과감한 주행도 거뜬하게 하는 파워트레인의 신뢰성도 매우 좋은 듯 합니다.

혹여 중고를 구입햬도 품질보증 전장품 10만Km/5년이라 AS남은 물건이 더 흔할 차량같고요.","17811507","2022-12-27 17:07:32","2022-12-27 17:20:14"
"브라우니물어","@방송부서님
차주분의 간결하면서도 몇 줄로 후기가 모두 담긴 것 같네요. 감사합니다.
내부의 고급스런 인테리어 덕분에라도 제네시스란 이런거구나? 라는 만족감이 클 것 같습니다.
신형 g70 출시 초기에 시승센터에서 Htrac 차량을 시승해 본 적이 있습니다. 뭔가 묵직하게 바닥을 짚고 튕겨 나가는 느낌이 생각납니다.
최근 폭설도 있었고, 장모님댁이 평창이라서 g70 구매 시에는 Htrac 옵션을 고려하고 있습니다.","17811507","2022-12-27 17:27:23",""
"봄봄","읽다보면 골프 gti가 있을거같은데 없네요.","17811507","2022-12-27 17:13:52",""
"브라우니물어","@봄봄님 GTI는 우선 유툽 영상, 시승기로 만족하고 있습니다.
골프 TDI 알아볼 당시(두 달 전쯤) GTI는 곧 나오나, 사전 예약하신 분들 물량 정도만 들어올 것 같다, 물량이 넉넉치 않아 오래 걸릴 것 같다는 딜러분의 의견이 있어서 관심이 덜했습니다.
TDI 역시 물량은 있으나, 금리 10% 이야기 듣고 바로 매장을 나와버렸습니다.
해치백 좋아하기 때문에 학창시절 드림카가 골프였습니다. 그래서 i30의 관심이 아직도 높기도 하고요.
GTI 가격도 괜찮던데 다시 알아봐야겠네요.
폭바그룹 5년/15만키로 보증도 저에겐 적절한 상황이기도 하네요.","17811507","2022-12-27 17:31:19",""
"wheelnut","조건만 보면 K5 GT나 쏘나타 터보가 딱일것 같아요.
가족 생각하면서 타협본다면 이정도 선에서 만족감이 클것 같아요","17811507","2022-12-27 17:19:19",""
"브라우니물어","@wheelnut님 와이프차가 팰리 3.8입니다. 그래서 제 차만큼은 저를 위한 차로 하고 싶어서 큰 차는 아직 생각지 않고 있습니다.
1.6텁 K5, 소나타는 구아스랑 파워트레인이 겹치고 이왕 구아스가 낫다고 생각하고,
K5 GT는 해외에만 있으니 아쉽고, 소나타 N라인도 고민을 해보았지만, 너무 니치한 것 같아 후보군이였다 지나갔습니다.
의견 감사합니다.","17811507","2022-12-27 17:33:56",""
"wheelnut","@브라우니물어님 한국에서도 k5 GT 2.0T 에어뎁티브 서스펜션 까지 달려서 출시한 적이 있어요. 18년-19년 즈음까지 팔렸을거에요.
어쨋던 팰리세이드까지 있으시면 애매하게 포지션이 겹치겠네요.","17811507","2022-12-28 08:06:05",""
"궈노","굴당에서 종종 뵌 아스 동지셔서 남일 같지 않습니다...

이리 오시죠... 손짓...

저도 벨엔 중고랑 아엔 신차랑 계산기 엄청나게 두들겼었는데

여자친구가 왜 그 돈에 그 금리 물고 중고를 사냐고 해서

아엔 신차로 왔습니다...

아스에서 갈아탄 거라 궁금하신 점은 뭐든 알려드릴게유

전 타이밍 엄청 좋게 사서 적당한 전시차 잡아다가 340만원 할인 받았습니다..","17811507","2022-12-27 17:27:42","2022-12-27 17:35:35"
"브라우니물어","@궈노님 굴당과 인스타에서도 종종 뵙고 있지만, 손짓 유혹에 이끌려가고 있습니다.
그리고 저 아N 구입한다면 무조건 빨강색입니다... 어찌 제 미래의 차를 찍어주신 것 같네요?
점심 먹고 삼성화재 보험 두들겨 봤는데 부부 한정 기본 세팅값으로만 해도 벨앤 100만원이면 아N 70만원밖에 안 나옵니다.
궁금한 부분 리스트 뽑아서 나중에 여쭤봐야겠습니다.
재밌게 N 라이프 즐겨주고 계셔유~","17811507","2022-12-27 17:38:27",""
"궈노","@브라우니물어님

오 인스타도 봐주고 계신가요? 아이디가... 어찌 되시는지...

아엔이 아직 출시된지가 얼마 안되어서 그런지 보험료가 생각보다 엄청 쌉니다

전 대물 10억 들고도 63만원 냈거든요...

아엔 궁금하시면 한번 모셔드리겠습니다 ㅋㅋ","17811507","2022-12-27 17:41:11","2022-12-27 17:56:58"
"사대천왕2","스팅어 어떠신지요..차급을 높이셔서....","17811507","2022-12-27 17:31:01",""
"브라우니물어","@사대천왕2님 후보군에 잠시 빠진 것뿐이지 여전히 스팅어는 제 마음속에 남아있습니다.
우선 팰리가 있어서 제가 탈 출퇴근용으로는 크기를 너무 키우지 말자였거든요.
와이프가 적극 찬성하는 차량이 스팅어입니다.
와이프 입에서 국산차 기준 이야 멋있다. 저거 사! 라고 탄성이 나온 차량이 스팅어에요.
물론 저도 스팅어 적극 환영하는 차량입니다.
(이왕 후륜 하고 싶은데 장모님댁이 평창이라서 awd도 고려중입니다.)
와이프 저 모두 신차로는 초팅어, 중고로 빨팅어를 고려하고 있습니다.
후보군 외의 차량도 많이 언급해주시니 이거 또 혼란의 카오스군요.","17811507","2022-12-27 17:44:06",""
"sinchro","진짜 친한친구의 이야기라고 감정이입해서
말씀드리면 전 세대 다 비추천입니다.

후보군 모두 같은 컨셉의 FF이고,
N은 솔직히 1.6t에 비해 전륜구동의 단점이 더 부각됩니다.
토크스티어, 무거운 머리, 통통 튀는 엉덩이 등…
I30으로 가신다면 아방스에는 없는 ATCC, 더 짧은
휠베이스로 더 나은 운전재미와 옵션이 있지만
현재 타고계신 차량이 아반떼스포츠면 굳이…

전륜구동 차량을 정말 좋아하시고,
아반떼 스포츠가 오픈디프라 불만일정도로
운전하는 드라이버인 경우가 아니시라면
연식 적당히 된 F바디 320i 중고 추천드리고 싶습니다.
출력은 낮아도 정말 완성도 높은 차가 뭔지 느낄수 있거든요. 위에 언급된 차들이 더 빠르고 옵션도 많지만
뱃지 상관없이 스티어링을 돌리고, 가-감속하는 등 차를 핸들링하는 감각은 경험해볼만 합니다
제 주변에 타는 친구들이 몇명 있는데 잔고장도 없고요.
부담되는 부분이 있으시다면 전 스팅어나 G70 2.0도 좋으니 다른 구동방식 경험해 보시는걸 추천드립니다…","17811507","2022-12-27 17:33:27","2022-12-27 17:35:42"
"브라우니물어","@Hithitit님 i30은 역시 아방스면 굳이이군요.
독3사에서는 BMW>아우디>벤츠 순으로 좋아합니다.
물론 운전해본 건 아니고, 지인의 차량에 동승해본 게 전부이지만 소위 핸들링이라는 부분은 제가 좋아하는 순으로 만족도가 높았고, 벤츠는 아직 저에겐 내외부가 화려한 차량으로 다가옵니다.
중고 3시리즈도 고려해보았습니다. 320, 330이 한 때 주력 검색어이었죠.
이왕이면 G바디이지만... 감가 생각하면 F바디이고, 디자인은 두 세대 모두 좋아하니 다행이네요.
3시리즈 중고도 다시 한 번 생각해봐야겠네요. 말씀처럼 후륜구동도 고민해보겠습니다.
저도 경험이라는 걸 중요시 생각하는지라, 경험해보시라는 말씀이 너무 감사합니다.","17811507","2022-12-27 17:51:36",""
"Luke","저는 죽을 때까지 아방스dct....

G70 fl 2.0으로 넘어가고 싶은데 이미 집에 차가 2대인 상황이라 결심이 잘 안서네요ㅠㅠ


아, 참고로 아반떼N 추천 드립니다.","17811507","2022-12-27 17:36:36","2022-12-27 17:37:24"
"브라우니물어","@Luke님 밑에도 죽을때까지 아방스짤이 주루룩...
이러면 아스 놓기 힘들어지곘는데요? ㅎㅎ
저는 g70만큼은 이왕 중고라면 3.3으로 하고싶어요. 생각해보면 팰리 3.8과 함께 6기통 2대 ㅎㄷㄷ하긴 하네요.
2대여도 기변이면 나쁘지 않은걸요?","17811507","2022-12-28 16:08:37",""
"앵베르","저도 죽을때까지 아방스 수동...!

지금 5년 14만째 타고있는데 다행히도(?) 아직도 차가 넘 맘에 듭니다

4,5년 후에도 아N 수동 팔아줬으면 좋겠습니다 ㅠㅠ

저는 아N에 한표요!","17811507","2022-12-27 17:43:16",""
"브라우니물어","@앵베르님 댓글 짤이 많아져서 정 때문에라도 아스를 더 타야할 것만 같습니다. ㅎㅎㅎ
저도 아직 차는 만족해요! 더군다나 실버색상이라 공도에서 2번 정도 본 게 전부라 유니크함이 좋아요.
아스 분들께서는 아엔 많이 넘어가니 저도 동참하게 된다면 입당글 올려보겠습니다. 의견 감사해요.","17811507","2022-12-28 16:10:41",""
"양지터널","금리가 미챳습니다 .
이탈하지 마십시요 .
최소 제 16년식 아방스 보다는 새차 아닙니까 ..
아반떼N 에 꽂히지 마세요 ..
그시대의 N이 지금 타고 계신 아방스 입니다 .
GR86 / 골프GTi 저를 현혹하는 명기들은 많으나
(저는 핸들링이 좋은차를 좋아합니다.)

저는 아마도 죽을때 까지 아방스 를 탈것같고,
살다가 여유가 생기면 가솔린 대배기량 웨건 하나 기추 할려고하고 있습니다.","17811507","2022-12-27 17:46:21","2022-12-27 20:30:51"
"브라우니물어","@양지터널님 고금리시대에 차를 바꾸는 건 욕심과 낭비라고 생각하고 있습니다. 그래서 더더욱 신중히... 자금이 허락된다면 고민이 안 될 테지만요.
그 시대의 N이 아방스라고 말씀해주시니 체감이 확 되네요. 말씀처럼 저는 N을 타고 있네요.
양지터널님의 이전 글 기억합니다! 모비스 부품 확보해두신거요.
차를 오래탈 생각이라면 저도 진작에 드래곤볼 모아둘 거 같습니다.
아방스는 10년 뒤에 봐도 디자인이 멋져서 차 좋아하는 분들 사이에서는 관심 차종이 될 것 같습니다.","17811507","2022-12-28 16:15:15",""
"하늘목장","저도 아스랑 G30... 두대 같이 모는 입장에서 아스는 아마 죽을때 까지 가져갈 것 같습니다

G30사기전에 사실 고민한게 스팅어(에서부터 시작이죠 사실) 인데

감가먹은 스팅어가 오히려 좋지 않을까 생각됩니다,

급...이란게 있고 스팅어(≒g70이죠?) 대신 g70 많이 시승해본 입장에서

중고로 가져오기 적당한 듯 합니다.","17811507","2022-12-27 17:53:07",""
"브라우니물어","@님 굴당에 올려주신 글(사진) 기억하고 있어요. 스팅어3.3 g70 3.3 중고, 3,5시리즈 30i로 기변하고 싶기도 합니다. 생각은 스팅어부터 시작하셨지만, 실제로 g70을 더 많이 타보신 상황에선 어느 차량이 더 괜찮으시던가요?
아스 타시는 분들께서는 만족도가 높으신가봐요. 말씀처럼 계속 타겠다는 의견이 많으시네요.
이 가격에 이 성능은 이 차량뿐이라 그런 걸까요? ㅎㅎ
메모로 아스 차주분들 해두었기에 연달아 아스 분들의 댓글을 보고 나니 차라리 배기 튜닝해서 아스 생명 연장을 더 해볼까도 싶네요.","17811507","2022-12-28 16:21:03",""
"하늘목장","@브라우니물어님

우선 제가 주로 타는차량은 g30 530i xdrive 입니다.

스팅어에서 그돈씨 하다보니 g30 타고 있어요....

동기차가 g70 3.3T RWD여서 많이 타보았습니다. 스팅어는 여행가서 렌트 잠깐 해 보았구요.

거동자체는 g70이 좀 더 스포티 합니다. 그리고 3.3T기준 3시리즈 고성능 모델에 가까운 느낌인데

코너탈출시 오버 느낌이 납니다. 후륜인데 사륜인가 싶은데 후륜인,... 후륜 덜 같은 뭔가 묘한느낌...


g70/스팅어 자체는 비슷한 차라고 생각을 하기때문에, 이 두 차에서는 결국 차 크기가 좀 더 큰 차이가 나지않을까 싶습니다

고급감은 역시 제네시스가 좋지만

승차감은...역시 뒷자리 때문이라도 GT인 스팅어가 훨씬 좋았습니다.

가족+짐 까지 생각하시면야 스팅어가 낫다고 봅니다 (여담으로 이번 한정판 외관 이쁘더라구요)


아스랑 g30을 타보면 둘 다 재밌는 차인데 제가 일단 한계 거동을 잘 하지도 않고
올해 BMW 드라이빙센터가서 M Drift 1까지 이수하니까 제가 타던건 타던거도 아니었더라구요
근데 사실 Drift 1까지 하는건 트랙수준이긴한데...ㅋㅋ


일반인 시각에서
530i xd는 bmw 자체가 주는 드라이빙성향이 있고 (동가격대 e300/g80 스포츠 보다는 확실히 젊고 스포티합니다)
4륜이 주는 묘한 안정감이 있습니다. 아시죠. 후륜은 뒤에서 밀어주고 전륜은 끌어주는 4륜은 확밀어주는 느낌

아스 중저속에서 재밌습니다.
재밌다는게 주관적이긴한데, 밟으면 잘나가고 경쾌하게 나가고 잘서고 잘돌고 하는 SuperNormal이 정말 맞는 캐치프레이즈라고 생각합니다
사실 아스 탈땐 모르는데 중간에 g30 타다 다시 오면 시끄럽긴 하더라구요 ㅋㅋ

반대로 g70은 중고속에서 재밌더라구요
저속보다는 고속에서 잘 나가니까... 아스는 1.6T라 80근처부터 서서히 올라가는데 + 터보렉
g70 3.3T 는 출력이 좋아서 100초반까지 시원시원하게 올라갑니다

아 풀악셀은 또 g70 n3.3T rwd랑 g30 2.0T xdrive 랑 큰차이 안나던게, 4륜이 확실히 올트랙션걸고 끌어주니까 출력이 낮아도 비비더군요","17811507","2022-12-30 09:18:09",""
"하늘목장","@브라우니물어님

주저리 주저리 많았는데.,....
제가 볼때 핵심 몇자 더 적자면

1. i30이 가성비는 좋습니다 저도 AD스포츠랑 고민했는데, 주행보조가 i30은 풀옵으로 가면 다 있어서... 1세대 HDA긴 해도 있을거 다있고
오픈파일럿도 설치가능하거든요

2. g70을 고민하실거면 저는 차라리 스팅어를 추천드립니다.
기본성향은 비슷한데 장거리 + 뒷자리 탑승객을 생각하면 역시 스팅어가 낫습니다

3. 근데 g70까지 생각하시고 + 장거리 라면 모3 중고도 한번 고민해보세요
모3 중고가 요즘 슬슬 떨어지던데, 제가 모3 처음탔을때 느낀게 그 아스 첨 탔을때랑 다른느낌으로 재밌다고 느꼈거든요
+ 장거리면 아직 전기차 출퇴근 할인도 있어서... 회사밥이 있고 충전환경이 안거슬릴거같으면 충분히 재밌게 타실 수 있을 것 같습니다.

4. bmw 좋은차긴한데 타다보면 다 비슷합니다 . 물론 계속타도 한결같은게 좋은차인가 하면 ... 당연한데 그럼 아스도 한결같잖아요?
살짝 돈올려서 테슬라도 추천드립니다.","17811507","2022-12-30 09:19:36",""
"브라우니물어","하늘목장님// 자세한 댓글 감사드립니다.
모델3 말씀해주셔서 중고 매물도 보고 있고, 유투브로 어떤지 보고 있습니다.
한동안 모델3,Y 나오면서 잠깐 관심이 있어서 하남 스타필드도 가보고, 시승기도 보았지만 싯가로 내려올 기미가 없는 가격 때문에 포기하고 잊고 지내던 차량들이에요.
3보다는 이왕이면 Y 하고 싶지만 현실적인건 3이더군요.
덕분에 타 전기차량들도 기웃거리고 있습니다.
아직 마음 속에는 많은 분들께서 비추하시는, 옆그레이드라 하시는 i30을 염두하고 있긴 합니다. 1번 말씀대로 가성비가 좋아요. 추가금이 많이 들지 않고 기능이 많아지는 점, 그리고 소소하게 순정 배기 소리가 더 예쁜 점입니다.
IG초기형 하브를 아버지가 타고 계신데, 스마트키 모양이 같아서 요즘 차 느낌 나고, 동등한 수준의 HDA도 있고요.(3-5년 동안에는 1세대 HDA도 충분하다고 생각합니다.)
장거리를 많이 뛰는 입장에선 일반 크루즈보다는 확실히 운전 피로도를 낮춰주는 좋은 기능인 것 같습니다.
오픈파일럿은 테슬라의 그것과 비슷한 걸로 생각되는데 이거는 좀 찾아봐야겠습니다.
*i30에만 가능하다고 봐야하는거겠죠? 왠지 느낌상 개발하는 업체?에서 해당 차량을 대상으로 연구 진행이 하는 것으로 생각되네요.
답변 다시 한 번 감사드립니다.
530 기변하고픈 차량입니다. 안전운전하세요!","17811507","2022-12-31 17:38:07",""
"리에르","아방스 따시는 분들이 아반뗀으로 못가는 이유가 아반테 팔고 다시 아반테는 좀 아니지 않나라는거라더군요;; 그래서 스팅어는 어떠신가요?
/Vollago","17811507","2022-12-27 18:01:36",""
"브라우니물어","@리에르님 고민글처럼 저는 생각도 못 했던 부분인데, 와이프가 아반떼에서 아반떼라고 알려주게 되어서 그 때 알아차렸습니다.
굴당에선 스팅어만큼 인기 있는 차량은 없죠! 스팅어도 충분히 고민하고 있습니다. 다만 빨강색이냐 초록색이냐에 대한 색상 고민이 걸림돌입니다.
의견 감사합니다.","17811507","2022-12-28 16:22:49",""
"딥크로마블루","저랑 비슷한 성향이신것 같아요 제 추천은 스팅어2.5후륜입니다. 그다음은 320i.
g70 2.0, i30n라인은 목록에서 지우셔도됩니다(크게 업글느낌 못받아요)
아방n은 타본적이 없어서..","17811507","2022-12-27 18:04:41","2022-12-27 18:07:27"
"브라우니물어","@딥크로마블루님 닉네임부터 반갑네요. 2.0T의 아쉬움을 달래고 2.5T 등장은 참 좋은 것 같습니다.
304마력으로 300이란 숫자를 넘기기도 하고 3.3T의 부담스런 성능에 대해 대안점으로도 충분하고요.
빡세게 타는 거 아니면 올라운더 성격은 2.5가 더 맞다는 의견도 들은 적이 있습니다.
스팅어는 3.3 가변배기를 넣어줬음에도 배기 소리가 작은 게 아쉽습니다.
원래 순정 좋아하는 저로서는 (아반떼 튜닝 없어요.) 스팅어만큼은 배기 튜닝해서 타보고 싶더라고요. 디자인에 대한 배려랄까요? ㅎㅎ","17811507","2022-12-28 16:27:24","2022-12-28 16:27:52"
"Digi","아N가시면 후회하실듯..한데요
마음으로는 이건 아방스가 아니야 출력도 좋아
빠방빠방 팝콘도 터지는 차야 하겠지만
결국 아반떼네 끗 할 가능성이 더 큽니다.

같은 돈을 주더라도 차를 완전 다른걸로 바꾸세요
같은 차에 그레이드 올리는건 체갘한계가 금방 옵니다.","17811507","2022-12-27 18:06:00",""
"브라우니물어","@Digi님 냉철한 분석이신데요? ㅎㅎ 너무 맞는 말씀이십니다. 저도 그렇게 생각을 해보았기에 고민 끝에 글을 올리게 되었습니다.
댓글이 어느정도 정리되면 쭉 다시 정독해보면서 생각을 정리해볼까 합니다.
지금은 차급 올리기 방향으로 바뀌는 거 같아요. (후륜+스포티함)","17811507","2022-12-28 16:30:52",""
"ev6i30pdnline","후보 차량들 보아하니, 일반 세단이나 SUV는 아닌 것 같군요. 저라면 상태 괜찮은 스팅어 2.5, 3.3 갑니다.","17811507","2022-12-27 18:10:35",""
"브라우니물어","@삼규아빠님 아버지께 물려받은 첫 차가 액티언이었습니다. 이후에 LF소나타 잠깐 타다가 아스로 왔습니다. 운전을 좋아하게 되면서 자연스레 운전에 대한 재미를 추구하게 되다 보니 세단파가 되었습니다.
와이프가 suv파라서 베뉴에서 팰리로 오게 되면서 세단/suv 2대로 굴리기로 합의했습니다.
2순위가 스팅어였기 때문에 충분히 고민해 보겠습니다. 감사합니다.","17811507","2022-12-28 16:33:26",""
"ev6i30pdnline","@브라우니물어님 전 결혼 후 차량 조합이
그랜저tg-마티즈,아반떼md / YF쏘나타 하이브리드-아반떼md / 더뉴맥스크루즈-아반떼md,더뉴모닝,i30n라인 수동/ EV6-i30n라인 수동 조합입니다.

애들이 커갈수록 점점 더 편안한 세단이 그리워지네요. EV6를 사지 않았다면 G80 또는 그랜저 신형-i30n라인 조합이었을 것 같습니다.","17811507","2022-12-28 20:31:09",""
"브라우니물어","삼규아빠님// 아삼공 엔라인은 수동이라서 계속 타고 계신가봅니다. 아삼공엔라인을 산다면 와이프도 편하게 탈 수 있는 dct 모델을 사지 않을까 싶습니다.
와이프는 대형 먼허까지 땄는데 수동은 싫다고 하더군요.
물론 저도 수동 고자라 연습을 해야하지만요. ㅎㅎㅎ
이 참에 불편해도? 수동 찬스도 엿보고 있습니다.
시간이 되신다면, 아삼공 타시면서 만족/불만족하신 부분에 대해서 간략히 의견을 듣고 싶습니다.
여담이지만 아삼공엔라인 순정 배기소리도 꽤 크고 이쁘더라고요.","17811507","2022-12-31 17:47:26",""
"NIKKOR","전 스팅어 추천 드립니다","17811507","2022-12-27 18:34:44",""
"브라우니물어","@님 70보다는 스팅어에 더 애정이 가기 떄문에 충분히 고려해보겠습니다. 이참에 트리뷰트에디션이나 3.3 gt 등급 신차로 가볼까봐요. ㅎㅎㅎ 왠지 가성비로 중고 가겠지만요.","17811507","2022-12-28 16:34:43",""
"NIKKOR","@브라우니물어님 가성비로 3.3 기아로고 아닌 E앰블럼 있는걸로 사시면 최고죠 ㅋ","17811507","2022-12-28 16:35:36",""
"전자치킨","아반뗴 스포츠 좋은차입니다. 언더성향에 뉴트럴아웃느낌.. 피드백도 적당히 주고.. 원메이크 카로도 되는것보면..
저는 반대로.. 5미터 넘는차들만 타다가.. i30 타니까.. 경쾌함이 무엇인지 알게됬습니다만..
그래도 경쾌함보다.. 늘 GT 성향으로 차를 타다보니.. 저에게는 그다지 맞지않는옷같습니다.
하지만 불편함으로 오지는않고, 이정도면 충분히 만족스럽게 즐기면서 타고있습니다.
i30 방에서보면.. FD GD PD 모두 경험하신분도있고, PD만 3대 타신분도 있는데..
해치백이 주는 그 매력이있습니다. i30 제조관련분과 이야기도 몇번나누어보면
풀프라이스로 사도 충분히 매력있는 그 차였습니다. 애초에 출시도 쏘나타 급의 실내로 나왔으니까요.

저도 제일 처음에는.. 렉서스 RC 쿠페를 생각중이였는데 ㅎㅎ
추후에.. BMW M340i 로 다시 내려오고.. 통장 장고를보니..
G70 3.3t 정도여도 충분하구나 싶었습니다..
이후에.. 스팅어 관련되서 뒷자리도 앉어보고하니..
조금더 낫네.. 로고만빼면 이게 더 상위차 같다라는생각을했습니다.
어지저찌해서.. 아우디 TT랑.. 골프 GTI 까지 시승해봤지만..
결국 머리속에남는건 해치백은 한번 타봐야지 였습니다..

추후에 어떤차로 또 갈지는 모르겠지만..

경쾌함을따르는 와인딩을 하신다면 i30 엔라인
소리와 운전의 즐거움 코너의 악동이지만 해치백대비 약간은 둔중함을주는 아반뗴 N
넉넉한 출력과, 가끔 뻥뚤린도로에서 시원한 가속을 원한다면.. 2.5T 스팅어
고급감과, 브랜드 벨류를 원하신다면.. G70 3.3t or M340i 정도가 갈릴것같습니다.

솔직히 가격적인 측면을봐도.. 아삼공은 1500~2000대 인데..
이정도면.. 벨로스터 N 도 보이는 가격대이긴합니다.
거기다가. 신차로넘어가면.. 중고 아삼공 두대가격이 아반뗴 N 이고..
거기에 천마넌 더 얹어야.. 스팅어 스타팅가격..
풀옵션은 거의 6천에 육박하니.. 잘 고민하셔서 좋은차량 경험하시길바랍니다 ㅎㅎ","17811507","2022-12-27 18:55:57","2022-12-27 18:56:27"
"브라우니물어","@전자치킨님 아삼공 중고가격을 보고나서는 오히려 접근성이 더 좋다는 생각에 기뻤습니다.
아스 대차하고 최소한의 비용으로 업글하는 느낌이었기 때문에요.
저도 언젠가는 해치백은 타봐야지라고 생각하기 때문에 연비 고려해서 TDI도 알아보러 가게 되었습니다.
아스 신차 구매할 때 해치백을 좋아했기에 고민하다 방향을 튼 게 몇 년 뒤 이렇게 고민글까지 쓰게 되었네요.
벨앤 중고 가격대가 겹치기에 이왕이면 벨앤을 외쳤지만 와이프의 반대로 그나마 아삼공이라도 붙잡을 수 있어서 좋네요.
아삼공 순정 배기 은근 좋더라고요? 튜닝 안 해도 될 정도로요. 제 차는 너무 조용해요.
전자치킨님의 글을 기억하기 때문에 아삼공 대리만족을 할 수 있어서 좋았습니다.
스팅어는 중고와 새차의 가격차가 너무 벌어지기 때문에 오래 탈 생각이면 신차, 몇 년만 탈 생각이라면 중고로 접근할 생각입니다.
좋은 의견 길게 적어주셔서 감사드립니다.","17811507","2022-12-28 16:53:10",""
"전자치킨","@브라우니물어님 개인적으로 공간이 중요치 않으신다면 ㅎㅎ G70 FL 보시고 중고도 갠찮을것같습니다. 제가 2020 G70 시승하고나서.. 이차를 샀어야해 하고 후회를 했긴했습니다 ㅋㅋ.. 베이지.. 상태좋은녀석 중고로 줍줍하면 최고의 선택이지 않을까합니다.","17811507","2022-12-28 18:50:16",""
"아마티","9만 키로가 되도록 자동세차를 안돌리셨다구요??? 차를 매우 아끼셨나 봅니다 ㅠㅠ","17811507","2022-12-27 18:57:38",""
"브라우니물어","@아마티님 그렇다고 득광할 정도로 하진 않았습니다. ㅎㅎㅎ 내외부 남들 보기에 창피하지 않을 만큼까지만 관리했습니다.
깔끔한 스타일이라서 내부에는 어떠한 것도 설치하는 걸 싫어하는 성격이라 (흔히 하는 대시보드 반사 패드 등) 지인분들이 차를 탈 때마다 깨끗하게 잘 탄다고 칭찬을 해주시기도 했습니다.","17811507","2022-12-28 16:56:06",""
"하지여리","실버 아스에서 넘어 가시는군요!? 좋은 차 많지만 가족의 평화를 위해 와이프님 의견과 같이 빨팅어 / 초팅어로 가시죠!?","17811507","2022-12-27 19:53:07",""
"브라우니물어","@하지여리님 결혼 전엔 제가 왕이었는데, 어째 결혼하고 나니 왕이프로 변신해 있더라고요. 실버 아스를 계속 갖고 싶어서 기추 이야기 꺼냈다가 된통 혼났기 때문에, 실버 아스를 동생 주지 않는 이상은 기변하게 되면 영영 떠나 보내야 할 것 같습니다. 그래서 아쉬움이 더 크네요.
차라리 순정파인데 하는 수 없이 아스 배기 튜닝하고 몇 년 더 생명 연장해버릴까도 생각하고 있습니다.
빨팅어는 무조건 중고, 초팅어는 무조건 신차로 갈 생각입니다. ㅎㅎㅎ
아스처럼 스팅어에도 순정 스포일러 있어야 합니다.ㅎㅎ","17811507","2022-12-28 16:58:22","2022-12-28 16:58:38"
"sonmingo","음...제가 벨n,스팅어,아n 타본 경험으로는...
주행보조는 스팅어 승. / 주행재미는 아n,벨n 승. 입니다
엔진,미션 반응은 스팅어는 확실히 gt성향이고요 아n,벨n은 완전 펀카입니다

근데 연 주행거리가...............엄청 나시네요...
(제 차량 아n) 22년5월9일에 출고해서 오늘자 22.12.27 마이클기준
연비11.3키로 / 주행거리21,000키로 / 주유금액 3,626,000원(고급유) 입니다
마이클에 아n 연비평균이 9.3키로인걸 감안하셔야 하고요^^

일단 페리 아n에 주행보조 어떻게 될지 확인 후, 고민한번 해보셔요 ^^","17811507","2022-12-27 20:18:40","2022-12-27 20:19:10"
"브라우니물어","@드ㄹㅏ이브님 음성군민 드라이브님. ㅎㅎ 안녕하세요? 의견 감사합니다.
이전 차량 역사는 몰랐습니다. 산증인?이 여기 계셨군요??!!
의견 참고하겠습니다.
장거리가 많아서 gt 성향이 무엇인가에 대한 궁금증도 컸습니다. 그래서 자연스레 머스탱, 카마로, 스팅어도 접근하게 되었고요,
주행거리는 평균보다 높은 건 맞지만 굴당에 더 많이 운행하시는 분들도 계시기에... ㅎㅎ
드라이브님도 만만치 않으신걸요?
아반떼에 고급유 넣으면서 행복했습니다.
유류비는 회사 출퇴근 지원금 덕분도 있지만 그렇다고 지원금을 넉넉하게 주지 않아 타이트했지만서도 운전하는 만큼은 즐겁게 다니고 싶었기 때문에 저에게 투자하는 걸로 생각했습니다.
아N이나 스팅어 기변하면 다시 고급유 넣는다고 와이프한테 선포했습니다.
혁도 근처에서는 고급유 관리가 은근 힘들더라고요. 다행히 청주가 근무지라 자주 가던 고급유 맛집이 있어서 다행이었습니다.
음성에 고급유 맛집 유명한 곳은 여기서는 너무 멀어서 아쉽더라고요.
주행재미, 주행보조 관점으로 갈리는 의견을 남겨주시니 정보를 좀 더 습득해봐야겠습니다.","17811507","2022-12-28 17:06:41","2022-12-28 17:07:49"
"Panthers","아방스 팔고 굳이 아반뗀?
애매하게 옆그레이드인 i30-벨 엔?

이런 저런 생각이 많아지면 고민이 깊어지게 마련입니다. 그냥 끌리는 대로 가셔야죠.

참고로 해치백 성애자는 디자인 요소가 가장 우선 되어야 할 것입니다. ㅎㅎㅎ
(현실에 타협할 생각이라면 지금 타는 아방스에서 갈아탈 이유가 없는 것이고요. 현실적으로 갈아탈 이유가 없,,,,)

그럼에도 불구하고, 신차로는 사지 않는 편이 좋지 않겠나 하는 생각입니다.
(즉, 최소한 아방N도 중고로 비교해보시는 게 맞겠단 의견,,)","17811507","2022-12-27 20:34:11","2022-12-27 20:34:33"
"브라우니물어","@Panthers님 생각이 많아지니 고민이 깊어지고, 연말까지도 생각에 사로 잠기게 되어 고민글을 올리게 되었습니다.
덕분에 굴당분들의 많은 의견으로 생각을 좀 더 정리할 수 있어서 기쁩니다.
감사드립니다.
저는 해치백 디자인이 너무 예쁜데 와이프는 왜 싫어한다는지... 아쉬울 따름입니다.
주행거리가 많아서 보증 도래 문제 때문에 운행 패턴이 바뀌지 않는 이상 중고차로 접근하겠다고 와이프랑 협의했습니다.
와이프도 그게 낫겠다 생각해주더라고요.
핸드폰도 자주 바꾸는 편이라서 차량도 자주 바꾸고 싶지만 현실적으로 어려운 일이니, 차량은 3-5년 주기로 바꾼다 치면 중고차로 접근하는 게 적절하겠더라고요.
다양한 차량을 경헙해보고 싶습니다.
안 그래도 중고 아N도 가격이 꽤 많이 내려왔더라고요.","17811507","2022-12-28 17:12:06",""
"데이타탕","좀 더 타세요....딱히 차이 없어요....한 세대 더 있다가 사세요....","17811507","2022-12-27 21:53:40",""
"브라우니물어","@데이타탕님 고민하는 차량은 큰 차이가 없다는 말씀이시군요. 급을 올리지 않는 이상은 합리적인 소비가 안 되겠군요. 의견 감사합니다.
더 타기 위해선 차량에 다시 애정을 가져야 하고... 마음을 다시 잡든가 해야겠어요. ㅎㅎ
뭔가 감성이 부족한 거 때문에 기변을 원하는 거라면 순정을 바라던 저로서는 실험적으로 배기 튜닝을 해서 타보고 이게 맞는건지 확인해보는 방법도 있겠네요.","17811507","2022-12-28 17:14:57",""
"어메이징","결재받기 쉬운 차로 오시죠ㅎㅎㅎ","17811507","2022-12-27 22:08:57",""
"브라우니물어","@어메이징님 빨팅어/초팅어 아니면 스팅어는 생각하고 있지 않습니다!!","17811507","2022-12-28 17:16:13",""
"schneiderweisse","아스 타다 아반떼N 타는 사람으로서 말립니다
스팅어나 G70 중고로 가십시오
i30은 너무 옆그레이드고 아반떼N은 서킷 안갈거면 차값이 아깝습니다","17811507","2022-12-27 22:43:03",""
"브라우니물어","@schneiderweisse님 인스타 팔로우도 해둬서 가끔 찾아뵙고 있습니다. 대학교 동문 후배이시기도 하고요. 의견 감사합니다.
아스에서 아엔의 기변은 많이들 말리시는 분위기네요. 참고하겠습니다.","17811507","2022-12-28 17:17:56",""
"Barbell_martini","긴 글이었지만 초반 읽어보니 질린게 맞는 것 같네요.
모든 취미가 그렇듯 결국 만족감을 주는건 고급 모델입니다...
비슷한 옆그레이드 해도 얼마 안갈겁니다..돈을 더 써서 비싼 놈으로 선택해야 한동안 고쳐진 듯 지낼 수 있습니다 ㅋ","17811507","2022-12-28 08:51:01",""
"브라우니물어","@[Valentine]님 질렸다고 하면서도 마음 한 켠에는 아닌가 봅니다.
아니면 제 스스로가 부정하는 걸 수도 있고요.
아무래도 급을 올려야 할 것 같습니다. 많은 분들의 의견을 충분히 고려해보고 합리적인 소비를 해보겠습니다.
감사드립니다.","17811507","2022-12-28 17:19:07","2022-12-28 17:19:36"
"Vernix","저도 예전에 출퇴근으로 레이 타다가 출퇴근차 고민을 아래와 같이 했었습니다.
1. 성능을 대폭 강화 - 중고로 A45, M2, M4 등등 (카마로SS도 고려)
2. 브랜드 강화 + 유명한(?) 기본기 느껴보기 - 320d, 320i, 330i 등등
3. 저렴한 펀카 - 천만원 내외의 구형 BMW, 골프GTI , 인피니티 G35/G37 등
그러다가 인피니티 G35로 정했었내요. (후륜에 300마력 넘고 당시에도 저렴한 입문 가격)","17811507","2022-12-28 10:35:54",""
"브라우니물어","@Vernix님 일본계 회사 덕분에 밥 벌어먹고 다니고 있는데, 요즘 시기상...ㅠㅠㅠ
G35 차량은 어떠신가요? 후기가 궁금하네요.
저렴하지 않지만 저렴해 보이는 펀카로 마쯔다 mx5도 생각해보았습니다. 그런데 가격이 너무 올랐어요... 와이프는 왜 일본차냐 그러고... 이 카데고리로 접근할 수 있는 유일한 차량인데 말이죠 ㅠㅠ
저도 1.2.3번과 같이 카데고리를 분류해보고 소거법으로 적당한 차량이 무엇인지 고민해봐야겠습니다.","17811507","2022-12-28 17:23:31",""
"Vernix","@브라우니물어님
g35는 너무 엣날차라서요. 아무도 신경 안씁니다.
신차도 아니고 이미 팔려온차가 국내에서 중고로 도는 상황인데요.
차량에 대한 평은, 살작 고회전인 자연흡기 엔진의 rpm올라가는 느낌과 소리가 정말 좋습니다.
(물론 감성으로 유명한 엔진은 아니지만 나름 꽤 좋습니다.)
차에 관심 있다면 한번 정도는 요즘 중고값 워낙 저렴해서 가성비로 타보셔도 좋다고 생각합니다.","17811507","2022-12-28 17:30:22",""
"landscape119","이미지 안좋은김에 좀 싸게 나와서 볼트 수준 가격 나오면 좋겠네요

그럴리 없지만...","17798385","2022-12-21 12:23:39",""
"미녹시딜","@landscape119님
동일한 파워트레인일 쓰는 니로가 볼트 euv랑 가격이 또이또이 하거나 살짝 높은 수준이더라구요.
그냥 볼트랑은 비비기 어렵겠지만 euv랑은 좋은 경쟁이 될 것으로 보입니다.","17798385","2022-12-21 13:21:58",""
"Tide","배터리팩 구조는 리디자인이 되었겠죠?","17798385","2022-12-21 12:59:18",""
"logaems","배터리 중국제일것 같은 느낌ㅇ…","17798385","2022-12-21 13:27:43",""
"셀빅아이","@logaems님 니로급 이하는 전부 CATL 입니다.","17798385","2022-12-21 13:40:30",""
"셀빅아이","2세대 풀체인지 나오면서 전기차도 같이 나오려나 보네요.","17798385","2022-12-21 13:40:52",""
"아마티","작은 크기에 꽉찬 디자인 느낌이라 저는 코나 좋아합니다 ㅎㅎ 혼자만 탄다면 타겠는데 이제 가족이 딸려서 ㅠㅠ","17798385","2022-12-21 14:32:20",""
"초보만쉐이","코나 전기차 최대 주행거리가 얼마나 될까요..","17798385","2022-12-21 14:49:37",""
"캬오NP89W","불나는 차 팔았다는 양심 있으면 내 코나ev랑 바꿔주라!!","17798385","2022-12-21 17:47:38",""
"nice05","전기차엔 그, 유리 쉽게 깨는 도구 예비해 두는 게 좋겠네요.
부피 많이 차지하는 것도 아니니까요.","17775100","2022-12-10 22:03:45",""
"비타민c","유리가 쉽게 안 깨지는 경우도 있고. 불 번지는 속도가 생각보다 빠른것 같습니다.ㅜㅜ","17775100","2022-12-10 22:04:51",""
"칼쓰뎅","@비타민c님 한번 불붙으면... 옆에 배터리셀로 계속 번지게되죠. 그리고 그걸 막을방법이라는건 없고요.","17775100","2022-12-11 01:30:32",""
"내가고자라니","@서윤경님 잘못된 정보입니다. 아이오닉은 시소처럼 되어있어서 배터리가 나가도 한쪽면을 누르면 다른쪽이 튀어나옵니다.","17775100","2022-12-10 23:41:22",""
"가을길","@님 모르는 사람은 어렵겠군요. 직관적이지 않다는 거죠?","17775100","2022-12-12 03:45:34",""
"포틀랜드","아파트.주차장에 전기차들.불날가봐 불안하기도 합니다, 화재진압이 쉽지 않다고하니","17775100","2022-12-10 22:05:16",""
"6미리","저도 같은 모델 운전하는 입장에서 저게 제일 무섭긴 합니다.
그래서 주차할때에 만이라도 문제 되지 말라고 외부 제일 먼데다 주차하곤 하네요.","17775100","2022-12-10 22:05:36",""
"어메이징한","저도 아파트 주차장에서 불날까봐 무섭더라고요ㅠ","17775100","2022-12-10 22:07:17",""
"호비브라운","살면서 저런 사고가 나는 운전자가 많을까요?

침소봉대가 아닐까요.. 내연기관도 저 정도 사고로 불나는 경우 많고요.

전기차를 안 살 이유가 많겠지만, 극단적 사례를 예시로 한 이유는 사실 공감이 잘 안 갑니다. 극단적인 안전 사례로 내연기관을 사지 말아야할 이유도 여럿 있지 않을까요.","17775100","2022-12-10 22:11:51",""
"람파이","두유Like님// 내연기관 차같았으면 운전자 본인이 빠져나왔거나 주변에서 구출 가능했겠죠. 단 한건이라도 저런 사고로 잃지 않아야할 생명을 잃게되는게 침소봉대는 아닙니다. 저게 왜 극단적 사례인가요. 현대기술의 집약체가 마냥 좋은것만은 아니라는걸 보여주는 사례인겁니다.","17775100","2022-12-10 22:16:02",""
"에일리언","@두유Like님 지적은 해야 개선되겠죠. 최소 저 사라지는 손잡이는... 강한 충격을 받았을 땐 다 튀어 나오게라도 해주던가, 금지 해줬으면 좋겠습니다. 위험을 각오하고 구하러 와주신 분들 조차... 다 매끈한 표면 뿐이니 뭘 잡을 수가 없죠...","17775100","2022-12-10 22:16:09",""
"호비브라운","@에일리언님 그거는 공감합니다. 차량 선택을 고민할 때 극단적 사례를 드는 게 적절치 않지 않나 하는 의문일 뿐입니다","17775100","2022-12-10 22:17:09",""
"호비브라운","@람파이님 @빠이유님 차 구매 관점에서 극단적 사례로 판단하는 것 자체에 다른 의견을 드린 것입니다. 전기차 화재와 관련 안전에 관한 얘기랑은 좀 결이 다른 주장이에요","17775100","2022-12-10 22:20:42","2022-12-10 22:20:58"
"행복하고즐거운인생","@두유Like님

단순히 불이났다
내연기관도 불나지 않느냐라는 식으로 치부하게에는 불의 양상이 기존과 많이 다르다고합니다

검색해보면 6월에 부산에서 난 사고때는 화재 진압에 7시간이 걸렸다고합니다
일단 차에 불이난걸로 7시간 동안 꺼지지않는다는 것도 충격이고요
그것도 플라스틱 가벽을 주변에 세우고
물을 부었다는군요
물속에 담궈야한다니 지금까지 우리가 겪어온 화재와는 다르죠","17775100","2022-12-10 22:21:43","2022-12-10 22:23:17"
"호비브라운","@행복하고즐거운인생님 네 알고 있습니다. 다 동의합니다. 제 댓글은 그런 내용이 아닙니다. 윗 댓글로 갈음합니다.","17775100","2022-12-10 22:23:15",""
"lvdo","@두유Like님 전기차를 사지 말자고 주장하는 글이 아닌데 앞서나가신 것 같습니다. 그리고 극단적 사례가 아닌 전기차만의 특수성에 따른 위험이죠.","17775100","2022-12-10 22:31:23",""
"호비브라운","@lvdo님 글쎼요. 극단적 사례를 통해 구매 자체에 무섭다고 단정짓는 글이라서요.
같은 논리라면, 차 타는 것 자체가 위험한 겁니다. 다양한 형태로 교통사고 나서 사망할 확률이 있는 행위니까요.","17775100","2022-12-10 22:32:59","2022-12-10 22:33:40"
"빛틀","@두유Like님 뉴스가 좀 그런 측면이 있습니다. 실제 내연기관들도 화재가 많이 나고 있는 건 사실이고요. 하지만 전기차 같이 배터리 열폭주로 인한 화재의 위험성은 상존하는 게 문제인 것 같습니다.

제가 알고 있기로는 테슬라의 경우 배터리 열폭주 폭발을 방지하기 위한 설계가 되어 있는 것으로 알고 있습니다. 화재시 확산 속도를 늦추기 위한 설계죠. 그런데 바로 얼마전이죠? 이용자들한테 '불나'라는 별명까지 얻었던 코나 일렉트릭의 이유를 알 수 없는 화재는 아직 정확한 원인도 규명이 안 된 채 유야무야 아이오닉5 출시와 함께 흐지부지 됐습니다.

현기차를 비롯한 어떤 전기차 생산 회사들도 편의사항이나 옵션, 주행거리에만 관심을 둘뿐, 배터리 화재 안전에 대해서는 일절 언급도 안 하고 있는 게 현실이고요.

안전문제는 여러번 강조해도 부족함이 없겠지만, 소비자들 또한 사고 나면 잠시 설왕설래하다가 흐지부지 되는 것도 회사들이 이런 부분에 소홀하게 되는 일부 원인인 것 같고요.

전기차 오너이다 보니 이래저래 말이 많았습니다. 절대 안전이라는 건 없겠죠. 그런데 내 차에 실려 있는 배터리의 안전 여부는 저도 알 수 없으니 조금 두렵기는 합니다.","17775100","2022-12-10 22:32:59","2022-12-10 22:33:49"
"달짝지근","@두유Like님 사고 자체가 이미 극단적 상황이고 목숨이 걸렸다는 말이에요
목숨 걸린 문제에 안전상 매우 불리한 부분인건 충분히 거론할만 하죠","17775100","2022-12-10 23:00:42",""
"샤키","@두유Like님 디지털도어락이 화재 시 안전 규정이 어떻게 개정됐는지 확인( https://news.kbs.co.kr/news/view.do?ncd=4169430 )해보시면 자동차에서도 반드시 관련 규정이 개선되야 안심이 될거같긴 합니다.","17775100","2022-12-10 23:30:41","2022-12-10 23:31:23"
"칼쓰뎅","@두유Like님 내연기관은 저렇게 불나지가않아요... 실실실 불이 붙죠. 주변에 사람이 있다면 구출하고도 남습니다.","17775100","2022-12-11 01:31:45",""
"호비브라운","@님 @칼쓰뎅님 전기차 화재에서 피해가 더 크다는 게 제 논지가 아닙니다.
저런 사례만 보고 전기차 구매를 하지 않겠다는 건.. 뭐랄까.. 아무 잘못 없이 피해로 죽은 끔찍한 자동차 사고 장면 보여주면서 ""이래도 차 살래?""랑 같은 논리라고요..","17775100","2022-12-11 01:43:27","2022-12-11 01:44:21"
"가을길","@두유Like님
사람마다 다르게 반응하는 것은 어쩔수 없다고 봅니다.","17775100","2022-12-12 03:48:18",""
"에일리언","저같은 쫄보는 아직도 닭다리 달린 차만 고집하기도 하는데... 이젠 선택지도 거의 없더군요...
차안에 망치도 두고 커터도 뒀지만... 사고 충격으로 정신 없을 땐 역시 외부 도움을 받고 싶은데...
저렇게 확 열폭주 + 문열기 애매하면 쉽지 않겠네요. 나 살자고 그 사람들 위험을 무릅쓰게 하고 싶진 않고 말이죠...","17775100","2022-12-10 22:13:40",""
"연유","노령 운전자, 운전 미숙자는 늘어나는데,
전기차 포함 요즘차 성능을 좀 제한 하는 건 어떤가 싶어요....","17775100","2022-12-10 22:14:47",""
"행복하고즐거운인생","이동형수조를 어디서 갖고 온답니까
황당합니다..

잠깐만.. 수조뿐아니라 차를 들어여하니
크레인도 있어야겠네요
타죽기전에 구출 가능합니까 ㄷ
다 타고나서 재만 수거하는게 빠를듯요","17775100","2022-12-10 22:15:28","2022-12-10 22:18:00"
"Sail","@행복하고즐거운인생님 이동형 수조는 차 주위를 가벽으로 둘러 싸면서 세워서 사용하는 형식이더라구요. 그 다음 물을 채우구요. 그러니 크레인은 없어도 됩니다...","17775100","2022-12-11 05:32:17",""
"미도둑","저는 그래서 전고체 배터리 상용화 될 때까지 기다리렵니다.","17775100","2022-12-10 22:16:39",""
"카슈밀","테슬라도 저렇게 한명 사람 죽었죠.
전기가 끊기면 손잡이가 활성화되지 않아서요.","17775100","2022-12-10 22:19:46",""
"SHM","@카슈밀님 애초에 손잡이가 밖에 나와있게 고정해두고 전기가 흐를때만 전자석으로 안으로 들어오게 만들면 좋을 것 같아요","17775100","2022-12-11 03:22:37",""
"kissing","지하주차장에서 화재나면 진짜 재앙이겠네요. 강제 탈출 장치를 만들어줘야겠어요.","17775100","2022-12-10 22:20:42","2022-12-10 22:21:12"
"viper_JS","자동차 사고가 그렇듯 혼자만 조심한다고 사고가 안나는것도 아니고요 @@","17775100","2022-12-10 22:21:37",""
"멋진상우","매립식 손잡이도 밖에서 그냥 열립니다. 잘못 알고 계신거에요.
그리고 사고나면 원래 창문 깨야합니다. 그만한 시간이 확보되지 못하면 전기차든 내연차든 사람은 죽어요.","17775100","2022-12-10 22:25:30",""
"에일리언","@멋진상우님 불앞에서 혼나가는 상황에 그거 꼼꼼하게 챙겨서 열기 쉽지 않죠. 유리도 깨려면 최소 벽돌이라도 찾아 줏어야 할텐데 불 앞에 그리 침착한 사람이 주변에 있으리란 법이 있나요. 1차적으로는 문 손잡이라도 보자마자 원스텝 당겨 열게 시도라도 해보게 해줬으면 싶네요... 뜨거운 냄비 잡는거나 마찬 가지일거 같은데... 그 와중에 나오고 들어가는 구조물과 씨름하고 싶진 않네요...","17775100","2022-12-10 22:47:07",""
"멋진상우","@빠이유님
그래도 문은 열린다는 이야깁니다.
안쪽에서 열어줘야 밖에서 문열수 있는것이 아니에요.","17775100","2022-12-10 22:47:21",""
"멋진상우","@빠이유님 자동차 문짝은 기계식입니다. 열립니다. 주행중 잠금장치가 걸리는데 그건 충격이 발생하면 풀리고요. 적어도 도어 래치는 기계식입니다.
그런데 사고나면 문짝이 찌그러져서 안열리는 것이 더 많을겁니다. 그래서 창문 깹니다.
아무튼 본문에 전기차의 함몰식 도어래치가 안쪽에서 열어줘야 밖에서 열수있다는 정보는 잘못되었습니다.","17775100","2022-12-10 22:54:55",""
"달려옹","@멋진상우님 기존 차 모양이랑 손잡이모양이 다르면 밖에 있는 사람이 헷갈리긴하죠.","17775100","2022-12-11 05:51:49",""
"Jinious","하이브리드는 어떨까요? 그것도 용량이 적을뿐이지 배터리가 들어가니 비슷하려나요?","17775100","2022-12-10 22:30:37",""
"빛틀","@님 항상 전기차하면 하이브리드 이야기가 따라오는데 말 그대로 하이브리드 입니다. 내연기관과 전기차의 장점과 단점을 모두 공유하는 게 하이브리드죠. 배터리가 작기는 하지만, 말씀드린대로 단점도 함께 공유합니다.","17775100","2022-12-10 22:36:05","2022-12-10 22:36:41"
"Jinious","@빛틀님 즉, 같은 문제가 있다는 말씀이신거지요? ㅎㅎ","17775100","2022-12-10 22:40:08",""
"연유","@님 이론적으로 리튬 폭발이 가능하긴 하겠지만 대부분 뒷좌석 쪽에 조금 있는 형태라서 화재 규모도 다르기도 하고, 화재날 정도면 거의 완파 상태일거라 이미 죽어있지 않을까 .. 싶습니다..","17775100","2022-12-10 22:49:22","2022-12-10 22:49:41"
"Jinious","@연유님 그렇군요. 답변 감사합니다.^^","17775100","2022-12-10 22:52:29",""
"야하하하","맞습니다 시기상조입니다","17775100","2022-12-10 22:34:47",""
"머찐경호","아직까지는 여러모로 하이브리드가 정답인가..?? 싶은 생각이 들긴 하더라구요","17775100","2022-12-10 23:16:04",""
"소프사마","전기차 시기상조입니다.","17775100","2022-12-10 23:22:18",""
"벅스라이프","이런거 보니 시기상조 맞네요.","17775100","2022-12-10 23:32:55",""
"Vanadis","현대에서 배터리 엔지니어 하시던 분도… 전기차 살거나 가솔린 살거냐 하니… 가솔린 산다 하시더군요. 그분 말씀은… 현재의 자동차는 역사가 100년이 되었고 그 100년동안 많은 설계와 부품의 노하우가 집결이 되어 발전한 형태로 어느정도 안정적인 설계라 했죠. 전기차는 사실상 발전과정의 형태 이기에… 표준적인 부분도 없고 각자설계라 공통적인 부분이 거의 없기에 문제가 생겨도 알기 힘들다고 합니다. 뭐를 선택하냐죠. 최신기술을 선택하느냐 아니면 오래된 노하우를 선택하느냐","17775100","2022-12-11 00:13:03",""
"머니인더트랩","수조에는 차를 들어서 넣을 필요 없고
조립식이나 펌프식으로 간의 수조를 만들 수 있는걸로 알고 있습니다.","17775100","2022-12-11 00:34:29",""
